scenario_name,severity_rank,member_id,funding_scenario_name,haircut_scenario_name,treasury_scenario_name,settlement_fail_scenario_name,repo_rollover_need_usd,incremental_funding_cost_usd,additional_haircut_requirement_usd,settlement_fail_requirement_usd,excluded_section16_additional_collateral_demand_usd,excluded_section16_composite_outflow_usd,excluded_section18_funding_shock_usd,excluded_section18_composite_outflow_usd,excluded_section17_aqlr_reduction_usd,excluded_overlapping_candidate_amount_usd,section16_composite_identity_difference_usd,section18_composite_identity_difference_usd,double_count_control_pass,model_version,value_class,actual_ficc_participant,participant_level_inference
control,0,SYN-MBR-0001,control,control,NONE,control,0.0,0.0,0.0,0.0,0.0,0.0,0.0,0.0,0.0,0.0,0.0,0.0,True,section-19-v1,synthetic,False,False
control,0,SYN-MBR-0002,control,control,NONE,control,0.0,0.0,0.0,0.0,0.0,0.0,0.0,0.0,0.0,0.0,0.0,0.0,True,section-19-v1,synthetic,False,False
control,0,SYN-MBR-0003,control,control,NONE,control,0.0,0.0,0.0,0.0,0.0,0.0,0.0,0.0,0.0,0.0,0.0,0.0,True,section-19-v1,synthetic,False,False
control,0,SYN-MBR-0004,control,control,NONE,control,0.0,0.0,0.0,0.0,0.0,0.0,0.0,0.0,0.0,0.0,0.0,0.0,True,section-19-v1,synthetic,False,False
control,0,SYN-MBR-0005,control,control,NONE,control,0.0,0.0,0.0,0.0,0.0,0.0,0.0,0.0,0.0,0.0,0.0,0.0,True,section-19-v1,synthetic,False,False
control,0,SYN-MBR-0006,control,control,NONE,control,0.0,0.0,0.0,0.0,0.0,0.0,0.0,0.0,0.0,0.0,0.0,0.0,True,section-19-v1,synthetic,False,False
control,0,SYN-MBR-0007,control,control,NONE,control,0.0,0.0,0.0,0.0,0.0,0.0,0.0,0.0,0.0,0.0,0.0,0.0,True,section-19-v1,synthetic,False,False
control,0,SYN-MBR-0008,control,control,NONE,control,0.0,0.0,0.0,0.0,0.0,0.0,0.0,0.0,0.0,0.0,0.0,0.0,True,section-19-v1,synthetic,False,False
control,0,SYN-MBR-0009,control,control,NONE,control,0.0,0.0,0.0,0.0,0.0,0.0,0.0,0.0,0.0,0.0,0.0,0.0,True,section-19-v1,synthetic,False,False
control,0,SYN-MBR-0010,control,control,NONE,control,0.0,0.0,0.0,0.0,0.0,0.0,0.0,0.0,0.0,0.0,0.0,0.0,True,section-19-v1,synthetic,False,False
control,0,SYN-MBR-0011,control,control,NONE,control,0.0,0.0,0.0,0.0,0.0,0.0,0.0,0.0,0.0,0.0,0.0,0.0,True,section-19-v1,synthetic,False,False
control,0,SYN-MBR-0012,control,control,NONE,control,0.0,0.0,0.0,0.0,0.0,0.0,0.0,0.0,0.0,0.0,0.0,0.0,True,section-19-v1,synthetic,False,False
control,0,SYN-MBR-0013,control,control,NONE,control,0.0,0.0,0.0,0.0,0.0,0.0,0.0,0.0,0.0,0.0,0.0,0.0,True,section-19-v1,synthetic,False,False
control,0,SYN-MBR-0014,control,control,NONE,control,0.0,0.0,0.0,0.0,0.0,0.0,0.0,0.0,0.0,0.0,0.0,0.0,True,section-19-v1,synthetic,False,False
control,0,SYN-MBR-0015,control,control,NONE,control,0.0,0.0,0.0,0.0,0.0,0.0,0.0,0.0,0.0,0.0,0.0,0.0,True,section-19-v1,synthetic,False,False
control,0,SYN-MBR-0016,control,control,NONE,control,0.0,0.0,0.0,0.0,0.0,0.0,0.0,0.0,0.0,0.0,0.0,0.0,True,section-19-v1,synthetic,False,False
control,0,SYN-MBR-0017,control,control,NONE,control,0.0,0.0,0.0,0.0,0.0,0.0,0.0,0.0,0.0,0.0,0.0,0.0,True,section-19-v1,synthetic,False,False
control,0,SYN-MBR-0018,control,control,NONE,control,0.0,0.0,0.0,0.0,0.0,0.0,0.0,0.0,0.0,0.0,0.0,0.0,True,section-19-v1,synthetic,False,False
control,0,SYN-MBR-0019,control,control,NONE,control,0.0,0.0,0.0,0.0,0.0,0.0,0.0,0.0,0.0,0.0,0.0,0.0,True,section-19-v1,synthetic,False,False
control,0,SYN-MBR-0020,control,control,NONE,control,0.0,0.0,0.0,0.0,0.0,0.0,0.0,0.0,0.0,0.0,0.0,0.0,True,section-19-v1,synthetic,False,False
control,0,SYN-MBR-0021,control,control,NONE,control,0.0,0.0,0.0,0.0,0.0,0.0,0.0,0.0,0.0,0.0,0.0,0.0,True,section-19-v1,synthetic,False,False
control,0,SYN-MBR-0022,control,control,NONE,control,0.0,0.0,0.0,0.0,0.0,0.0,0.0,0.0,0.0,0.0,0.0,0.0,True,section-19-v1,synthetic,False,False
control,0,SYN-MBR-0023,control,control,NONE,control,0.0,0.0,0.0,0.0,0.0,0.0,0.0,0.0,0.0,0.0,0.0,0.0,True,section-19-v1,synthetic,False,False
control,0,SYN-MBR-0024,control,control,NONE,control,0.0,0.0,0.0,0.0,0.0,0.0,0.0,0.0,0.0,0.0,0.0,0.0,True,section-19-v1,synthetic,False,False
control,0,SYN-MBR-0025,control,control,NONE,control,0.0,0.0,0.0,0.0,0.0,0.0,0.0,0.0,0.0,0.0,0.0,0.0,True,section-19-v1,synthetic,False,False
control,0,SYN-MBR-0026,control,control,NONE,control,0.0,0.0,0.0,0.0,0.0,0.0,0.0,0.0,0.0,0.0,0.0,0.0,True,section-19-v1,synthetic,False,False
control,0,SYN-MBR-0027,control,control,NONE,control,0.0,0.0,0.0,0.0,0.0,0.0,0.0,0.0,0.0,0.0,0.0,0.0,True,section-19-v1,synthetic,False,False
control,0,SYN-MBR-0028,control,control,NONE,control,0.0,0.0,0.0,0.0,0.0,0.0,0.0,0.0,0.0,0.0,0.0,0.0,True,section-19-v1,synthetic,False,False
control,0,SYN-MBR-0029,control,control,NONE,control,0.0,0.0,0.0,0.0,0.0,0.0,0.0,0.0,0.0,0.0,0.0,0.0,True,section-19-v1,synthetic,False,False
control,0,SYN-MBR-0030,control,control,NONE,control,0.0,0.0,0.0,0.0,0.0,0.0,0.0,0.0,0.0,0.0,0.0,0.0,True,section-19-v1,synthetic,False,False
control,0,SYN-MBR-0031,control,control,NONE,control,0.0,0.0,0.0,0.0,0.0,0.0,0.0,0.0,0.0,0.0,0.0,0.0,True,section-19-v1,synthetic,False,False
control,0,SYN-MBR-0032,control,control,NONE,control,0.0,0.0,0.0,0.0,0.0,0.0,0.0,0.0,0.0,0.0,0.0,0.0,True,section-19-v1,synthetic,False,False
control,0,SYN-MBR-0033,control,control,NONE,control,0.0,0.0,0.0,0.0,0.0,0.0,0.0,0.0,0.0,0.0,0.0,0.0,True,section-19-v1,synthetic,False,False
control,0,SYN-MBR-0034,control,control,NONE,control,0.0,0.0,0.0,0.0,0.0,0.0,0.0,0.0,0.0,0.0,0.0,0.0,True,section-19-v1,synthetic,False,False
control,0,SYN-MBR-0035,control,control,NONE,control,0.0,0.0,0.0,0.0,0.0,0.0,0.0,0.0,0.0,0.0,0.0,0.0,True,section-19-v1,synthetic,False,False
control,0,SYN-MBR-0036,control,control,NONE,control,0.0,0.0,0.0,0.0,0.0,0.0,0.0,0.0,0.0,0.0,0.0,0.0,True,section-19-v1,synthetic,False,False
control,0,SYN-MBR-0037,control,control,NONE,control,0.0,0.0,0.0,0.0,0.0,0.0,0.0,0.0,0.0,0.0,0.0,0.0,True,section-19-v1,synthetic,False,False
control,0,SYN-MBR-0038,control,control,NONE,control,0.0,0.0,0.0,0.0,0.0,0.0,0.0,0.0,0.0,0.0,0.0,0.0,True,section-19-v1,synthetic,False,False
control,0,SYN-MBR-0039,control,control,NONE,control,0.0,0.0,0.0,0.0,0.0,0.0,0.0,0.0,0.0,0.0,0.0,0.0,True,section-19-v1,synthetic,False,False
control,0,SYN-MBR-0040,control,control,NONE,control,0.0,0.0,0.0,0.0,0.0,0.0,0.0,0.0,0.0,0.0,0.0,0.0,True,section-19-v1,synthetic,False,False
control,0,SYN-MBR-0041,control,control,NONE,control,0.0,0.0,0.0,0.0,0.0,0.0,0.0,0.0,0.0,0.0,0.0,0.0,True,section-19-v1,synthetic,False,False
control,0,SYN-MBR-0042,control,control,NONE,control,0.0,0.0,0.0,0.0,0.0,0.0,0.0,0.0,0.0,0.0,0.0,0.0,True,section-19-v1,synthetic,False,False
control,0,SYN-MBR-0043,control,control,NONE,control,0.0,0.0,0.0,0.0,0.0,0.0,0.0,0.0,0.0,0.0,0.0,0.0,True,section-19-v1,synthetic,False,False
control,0,SYN-MBR-0044,control,control,NONE,control,0.0,0.0,0.0,0.0,0.0,0.0,0.0,0.0,0.0,0.0,0.0,0.0,True,section-19-v1,synthetic,False,False
control,0,SYN-MBR-0045,control,control,NONE,control,0.0,0.0,0.0,0.0,0.0,0.0,0.0,0.0,0.0,0.0,0.0,0.0,True,section-19-v1,synthetic,False,False
control,0,SYN-MBR-0046,control,control,NONE,control,0.0,0.0,0.0,0.0,0.0,0.0,0.0,0.0,0.0,0.0,0.0,0.0,True,section-19-v1,synthetic,False,False
control,0,SYN-MBR-0047,control,control,NONE,control,0.0,0.0,0.0,0.0,0.0,0.0,0.0,0.0,0.0,0.0,0.0,0.0,True,section-19-v1,synthetic,False,False
control,0,SYN-MBR-0048,control,control,NONE,control,0.0,0.0,0.0,0.0,0.0,0.0,0.0,0.0,0.0,0.0,0.0,0.0,True,section-19-v1,synthetic,False,False
moderate_integrated_stress,1,SYN-MBR-0001,moderate_market_stress,moderate_haircut_stress,key_rate_5y_up_100bp,moderate_settlement_disruption,3423945174.5243254,417812.2604448521,293580839.4042289,3140753529.1507125,465555209.2753331,3889918196.060104,1944959098.0300517,5085712627.180764,14398827.67763,2424913134.9830146,5.364418029785156e-07,0.0,True,section-19-v1,synthetic,False,False
moderate_integrated_stress,1,SYN-MBR-0002,moderate_market_stress,moderate_haircut_stress,key_rate_5y_up_100bp,moderate_settlement_disruption,9314255636.55866,1224336.3543123924,818749716.4780825,7794176241.292288,1295184150.7291307,10610664123.642103,5305332061.821053,13099508303.11334,32402137.082815,6632918349.632998,-4.76837158203125e-07,0.0,True,section-19-v1,synthetic,False,False
moderate_integrated_stress,1,SYN-MBR-0003,moderate_market_stress,moderate_haircut_stress,key_rate_5y_up_100bp,moderate_settlement_disruption,4437416596.428474,612295.7515392414,414921531.2936824,4032621907.3358436,633860848.6600705,5071889740.840084,2535944870.420042,6568566777.755886,18825612.4207475,3188631331.5008597,-1.1920928955078125e-07,4.76837158203125e-07,True,section-19-v1,synthetic,False,False
moderate_integrated_stress,1,SYN-MBR-0004,moderate_market_stress,moderate_haircut_stress,key_rate_5y_up_100bp,moderate_settlement_disruption,5727762885.142515,769888.6807764617,506021667.3756827,5376954982.216429,817390525.7276464,6545923299.550939,3272961649.775469,8649916631.991898,21226920.786140002,4111579096.289255,5.960464477539062e-07,0.0,True,section-19-v1,synthetic,False,False
moderate_integrated_stress,1,SYN-MBR-0005,moderate_market_stress,moderate_haircut_stress,key_rate_5y_up_100bp,moderate_settlement_disruption,5422720901.036521,697944.6002543139,480509020.9854808,5444795090.431606,748133659.5059016,6171552505.142676,3085776252.5713387,8530571343.002945,29044502.985919997,3862954415.06316,-4.76837158203125e-07,0.0,True,section-19-v1,synthetic,False,False
moderate_integrated_stress,1,SYN-MBR-0006,moderate_market_stress,moderate_haircut_stress,key_rate_5y_up_100bp,moderate_settlement_disruption,8234963692.987101,1049188.110484801,684664903.25119,7758151521.86939,1129664537.6724892,9365677418.770077,4682838709.385037,12440990231.254427,29511425.493655,5842014672.551182,2.1457672119140625e-06,0.0,True,section-19-v1,synthetic,False,False
moderate_integrated_stress,1,SYN-MBR-0007,moderate_market_stress,moderate_haircut_stress,key_rate_5y_up_100bp,moderate_settlement_disruption,8750081655.280369,1131850.9572073957,772528556.9289728,9548236588.223692,1218345056.4898186,9969558562.727394,4984779281.363698,14533015869.587389,34992384.415755,6238116722.269272,-7.152557373046875e-07,-9.5367431640625e-07,True,section-19-v1,synthetic,False,False
moderate_integrated_stress,1,SYN-MBR-0008,moderate_market_stress,moderate_haircut_stress,key_rate_5y_up_100bp,moderate_settlement_disruption,2163376857.7532387,276422.0046618368,184461171.08032182,2601317688.0384026,301586439.7498436,2465239719.507744,1232619859.753872,3833937547.7922745,11491196.76552,1545697496.2692356,-2.980232238769531e-07,0.0,True,section-19-v1,synthetic,False,False
moderate_integrated_stress,1,SYN-MBR-0009,moderate_market_stress,moderate_haircut_stress,key_rate_5y_up_100bp,moderate_settlement_disruption,6136010600.567457,823242.2194510672,569845004.6722347,6283081334.825003,859689049.7732389,6996522892.560145,3498261446.280073,9781342781.105078,29954183.52081,4387904679.574122,-1.7881393432617188e-06,1.9073486328125e-06,True,section-19-v1,synthetic,False,False
moderate_integrated_stress,1,SYN-MBR-0010,moderate_market_stress,moderate_haircut_stress,key_rate_5y_up_100bp,moderate_settlement_disruption,4510852605.558385,639968.623359669,427029978.507691,4852147864.310441,646116770.204394,5157609344.386139,2578804672.1930695,7430952536.50351,21143985.719525,3246065428.116988,3.5762786865234375e-07,0.0,True,section-19-v1,synthetic,False,False
moderate_integrated_stress,1,SYN-MBR-0011,moderate_market_stress,moderate_haircut_stress,key_rate_5y_up_100bp,moderate_settlement_disruption,11772110137.87737,1428128.8727249915,985009091.3977088,10280965853.965168,1611998448.7003765,13385536715.450472,6692768357.725235,16973734211.690403,57018401.229027495,8361785207.654639,-4.76837158203125e-07,0.0,True,section-19-v1,synthetic,False,False
moderate_integrated_stress,1,SYN-MBR-0012,moderate_market_stress,moderate_haircut_stress,key_rate_5y_up_100bp,moderate_settlement_disruption,25972324251.35091,3480304.101566669,2278404714.333647,34606830347.137276,3674807117.4956927,29650611672.94817,14825305836.474083,49432136183.61136,145736683.3641525,18645849637.333927,0.0,0.0,True,section-19-v1,synthetic,False,False
moderate_integrated_stress,1,SYN-MBR-0013,moderate_market_stress,moderate_haircut_stress,key_rate_5y_up_100bp,moderate_settlement_disruption,8976876996.64937,1186748.8276266037,830487515.6080487,10711012845.100367,1259327049.051999,10237390794.528996,5118695397.264498,15829708242.364864,46865293.793589994,6424887740.110086,-4.76837158203125e-07,0.0,True,section-19-v1,synthetic,False,False
moderate_integrated_stress,1,SYN-MBR-0014,moderate_market_stress,moderate_haircut_stress,key_rate_5y_up_100bp,moderate_settlement_disruption,3490534623.129529,445087.1468053995,303562086.65902865,3770988679.291055,486527233.4125043,3977506943.6888394,1988753471.8444192,5759742151.135475,18406308.530270003,2493687013.787194,7.152557373046875e-07,7.152557373046875e-07,True,section-19-v1,synthetic,False,False
moderate_integrated_stress,1,SYN-MBR-0015,moderate_market_stress,moderate_haircut_stress,key_rate_5y_up_100bp,moderate_settlement_disruption,2881503250.2664986,395638.69362457545,252696864.87867376,3419352129.683062,412874692.3784697,3294773581.338593,1647386790.6692967,5066738920.352359,15202919.143055,2075464402.1908214,1.7881393432617188e-07,0.0,True,section-19-v1,synthetic,False,False
moderate_integrated_stress,1,SYN-MBR-0016,moderate_market_stress,moderate_haircut_stress,key_rate_5y_up_100bp,moderate_settlement_disruption,4745271705.878638,606386.1253487692,416307305.28896224,4519332022.176016,669924956.1318865,5415803048.135874,2707901524.067937,7227233546.243953,19529056.0292175,3397355536.229041,2.384185791015625e-07,0.0,True,section-19-v1,synthetic,False,False
moderate_integrated_stress,1,SYN-MBR-0017,moderate_market_stress,moderate_haircut_stress,key_rate_5y_up_100bp,moderate_settlement_disruption,3124340960.507873,385734.21036798274,247559650.192744,3597333446.170595,431798435.23658776,3556525129.954829,1778262564.9774148,5375596011.14801,12964427.35561,2223025427.5696125,4.172325134277344e-07,2.384185791015625e-07,True,section-19-v1,synthetic,False,False
moderate_integrated_stress,1,SYN-MBR-0018,moderate_market_stress,moderate_haircut_stress,key_rate_5y_up_100bp,moderate_settlement_disruption,8519796964.17053,1157326.1475824304,750904076.504975,9179213923.139437,1196960060.3222735,9717914350.640385,4858957175.320193,14038171098.45963,27156715.5193425,6083073951.161809,-1.6689300537109375e-06,-9.5367431640625e-07,True,section-19-v1,synthetic,False,False
moderate_integrated_stress,1,SYN-MBR-0019,moderate_market_stress,moderate_haircut_stress,key_rate_5y_up_100bp,moderate_settlement_disruption,3720248951.086701,496356.8244842017,342406442.344482,3939486715.5407996,520621878.579429,4241367186.490614,2120683593.245307,6060170308.786106,16662487.01282,2657967958.837556,-1.7881393432617188e-07,-4.76837158203125e-07,True,section-19-v1,synthetic,False,False
moderate_integrated_stress,1,SYN-MBR-0020,moderate_market_stress,moderate_haircut_stress,key_rate_5y_up_100bp,moderate_settlement_disruption,9088565173.537115,1227051.9464547862,784571370.9183308,9821199054.11598,1284237193.6094325,10374029419.093002,5187014709.546501,15008213763.662481,26919155.89746,6498171059.053393,0.0,0.0,True,section-19-v1,synthetic,False,False
moderate_integrated_stress,1,SYN-MBR-0021,moderate_market_stress,moderate_haircut_stress,key_rate_5y_up_100bp,moderate_settlement_disruption,39585575048.25572,5293089.070767034,3668752972.695222,43622793221.00872,5564683594.993884,45155551732.32037,22577775866.160187,66200569087.16891,208681085.399935,28351140546.55401,0.0,0.0,True,section-19-v1,synthetic,False,False
moderate_integrated_stress,1,SYN-MBR-0022,moderate_market_stress,moderate_haircut_stress,key_rate_5y_up_100bp,moderate_settlement_disruption,4190376854.636132,582964.534549906,380537456.0605841,5034974835.981316,592732124.0963573,4783691943.267039,2391845971.6335196,7426820807.614836,16914179.6574125,3001492275.3872895,2.384185791015625e-07,4.76837158203125e-07,True,section-19-v1,synthetic,False,False
moderate_integrated_stress,1,SYN-MBR-0023,moderate_market_stress,moderate_haircut_stress,key_rate_5y_up_100bp,moderate_settlement_disruption,7634693091.647177,918485.9455493916,626526355.9245112,6780803531.567998,1025030254.2659076,8660641831.858633,4330320915.929316,11111124447.497313,24820308.0489725,5380171478.244195,-7.152557373046875e-07,-9.5367431640625e-07,True,section-19-v1,synthetic,False,False
moderate_integrated_stress,1,SYN-MBR-0024,moderate_market_stress,moderate_haircut_stress,key_rate_5y_up_100bp,moderate_settlement_disruption,3252787665.4052987,411167.6044891239,268416763.90809032,2904240491.1211944,449779791.129262,3702978624.139049,1851489312.0695248,4755729803.190719,11065380.0833825,2312334483.2821693,-7.748603820800781e-07,-4.76837158203125e-07,True,section-19-v1,synthetic,False,False
moderate_integrated_stress,1,SYN-MBR-0025,moderate_market_stress,moderate_haircut_stress,key_rate_5y_up_100bp,moderate_settlement_disruption,7219232349.798447,864856.9323553863,597756677.0480547,7414340365.14086,978449327.7736118,8198546534.504415,4099273267.2522078,11513613632.393066,41205919.4640525,5118928514.489872,7.152557373046875e-07,-9.5367431640625e-07,True,section-19-v1,synthetic,False,False
moderate_integrated_stress,1,SYN-MBR-0026,moderate_market_stress,moderate_haircut_stress,key_rate_5y_up_100bp,moderate_settlement_disruption,8884126652.071955,1196801.9614180746,787074495.1203666,8498547189.5456505,1266095600.657226,10151419054.6906,5075709527.3453,13574256716.890951,33427812.102935,6375232940.10546,4.76837158203125e-07,9.5367431640625e-07,True,section-19-v1,synthetic,False,False
moderate_integrated_stress,1,SYN-MBR-0027,moderate_market_stress,moderate_haircut_stress,key_rate_5y_up_100bp,moderate_settlement_disruption,5598297479.238071,715674.6853320239,511728389.12586343,5290311784.164017,774362116.4630215,6373375270.386424,3186687635.193212,8476999419.357229,27834043.781102497,3988883795.4373364,-9.5367431640625e-07,4.76837158203125e-07,True,section-19-v1,synthetic,False,False
moderate_integrated_stress,1,SYN-MBR-0028,moderate_market_stress,moderate_haircut_stress,key_rate_5y_up_100bp,moderate_settlement_disruption,12937404536.73907,1784340.4732607575,1167576584.8785696,14847066204.629892,1855115410.063586,14794304287.275915,7397152143.637958,22244218348.26785,56630651.26979,9308898204.971334,-2.384185791015625e-06,-9.5367431640625e-07,True,section-19-v1,synthetic,False,False
moderate_integrated_stress,1,SYN-MBR-0029,moderate_market_stress,moderate_haircut_stress,key_rate_5y_up_100bp,moderate_settlement_disruption,3263896945.89721,442440.7395610603,295722007.0635528,3620374848.3861647,466682847.4754793,3731022234.1122494,1865511117.0561252,5485885965.44229,15311397.772615,2347505362.3042192,-1.1324882507324219e-06,4.76837158203125e-07,True,section-19-v1,synthetic,False,False
moderate_integrated_stress,1,SYN-MBR-0030,moderate_market_stress,moderate_haircut_stress,key_rate_5y_up_100bp,moderate_settlement_disruption,30882701279.670235,3909633.879725735,2802083195.3790965,27031599714.74334,4268946129.9667897,35155557043.51675,17577778521.758373,44609378236.50171,140729078.270915,21987453729.99608,-3.814697265625e-06,-3.814697265625e-06,True,section-19-v1,synthetic,False,False
moderate_integrated_stress,1,SYN-MBR-0031,moderate_market_stress,moderate_haircut_stress,key_rate_5y_up_100bp,moderate_settlement_disruption,9488591419.218328,1182221.401367359,768499714.7458199,8192981187.138522,1288894884.274512,10778668524.894209,5389334262.447103,13582315449.585625,27572580.30419,6705801727.0258045,9.5367431640625e-07,0.0,True,section-19-v1,synthetic,False,False
moderate_integrated_stress,1,SYN-MBR-0032,moderate_market_stress,moderate_haircut_stress,key_rate_5y_up_100bp,moderate_settlement_disruption,4523068639.873791,566986.3338534064,402559651.95826685,6643838234.984806,622332904.0225122,5145968530.230157,2572984265.1150784,9216822500.099886,28978655.344915,3224295824.4825053,5.960464477539062e-07,1.430511474609375e-06,True,section-19-v1,synthetic,False,False
moderate_integrated_stress,1,SYN-MBR-0033,moderate_market_stress,moderate_haircut_stress,key_rate_5y_up_100bp,moderate_settlement_disruption,4675749607.042144,633895.9074490495,432118746.0659837,4151720722.5729084,668566276.0472564,5344949778.996849,2672474889.498425,6824195612.071333,19035728.2350525,3360076893.780734,-1.1920928955078125e-07,-4.76837158203125e-07,True,section-19-v1,synthetic,False,False
moderate_integrated_stress,1,SYN-MBR-0034,moderate_market_stress,moderate_haircut_stress,key_rate_5y_up_100bp,moderate_settlement_disruption,7089412248.65927,920353.7982089232,604235137.39692,7563025173.529361,978957728.9132518,8069290331.370731,4034645165.685366,11597670339.214725,36994548.451825,5050597443.050443,3.5762786865234375e-07,-1.430511474609375e-06,True,section-19-v1,synthetic,False,False
moderate_integrated_stress,1,SYN-MBR-0035,moderate_market_stress,moderate_haircut_stress,key_rate_5y_up_100bp,moderate_settlement_disruption,3245672264.120416,440803.76136226015,285962553.05631673,3473272390.1319084,464220214.1396746,3710333282.021453,1855166641.0107265,5328439031.142634,16375868.62161,2335762723.7720113,-1.1920928955078125e-07,-4.76837158203125e-07,True,section-19-v1,synthetic,False,False
moderate_integrated_stress,1,SYN-MBR-0036,moderate_market_stress,moderate_haircut_stress,key_rate_5y_up_100bp,moderate_settlement_disruption,14900237557.139688,2012575.3960510069,1295467069.466723,16265149935.081663,2129243744.802111,17031493877.337849,8515746938.668923,24780896873.750587,55351021.9161025,10700341705.387138,-1.6689300537109375e-06,9.5367431640625e-07,True,section-19-v1,synthetic,False,False
moderate_integrated_stress,1,SYN-MBR-0037,moderate_market_stress,moderate_haircut_stress,key_rate_5y_up_100bp,moderate_settlement_disruption,31878872907.091263,3994126.740287725,2634392756.255476,26612133598.800865,4355055354.181166,36237922388.01272,18118961194.00636,44731094792.80723,140961532.3322875,22614978080.51981,1.9073486328125e-06,3.814697265625e-06,True,section-19-v1,synthetic,False,False
moderate_integrated_stress,1,SYN-MBR-0038,moderate_market_stress,moderate_haircut_stress,key_rate_5y_up_100bp,moderate_settlement_disruption,3302754122.846553,418396.6609730568,264070292.35613126,3175374074.2252016,448554177.7191933,3751726697.2267184,1875863348.6133597,5051237422.838561,11977777.8139275,2336395304.1464806,-7.748603820800781e-07,-2.384185791015625e-07,True,section-19-v1,synthetic,False,False
moderate_integrated_stress,1,SYN-MBR-0039,moderate_market_stress,moderate_haircut_stress,key_rate_5y_up_100bp,moderate_settlement_disruption,20115723480.76057,2735552.538766181,1789619382.997589,22155937462.352844,2842915739.9007406,22961374773.20008,11480687386.600039,33636624848.95288,85612785.94541249,14409215912.44619,3.337860107421875e-06,-1.9073486328125e-06,True,section-19-v1,synthetic,False,False
moderate_integrated_stress,1,SYN-MBR-0040,moderate_market_stress,moderate_haircut_stress,key_rate_5y_up_100bp,moderate_settlement_disruption,3368851426.9403205,454528.46323741967,290898967.6168039,3334591333.6162596,478604700.31196535,3847910655.715523,1923955327.8577614,5258546661.474021,14255855.817295,2416815883.987022,-4.76837158203125e-07,0.0,True,section-19-v1,synthetic,False,False
moderate_integrated_stress,1,SYN-MBR-0041,moderate_market_stress,moderate_haircut_stress,key_rate_5y_up_100bp,moderate_settlement_disruption,2250227592.5777783,323465.6796260958,213259940.53325263,2790919726.611156,324967966.6542448,2575519024.911649,1287759512.4558246,4078679239.066981,13737821.7829325,1626465300.8930018,0.0,2.384185791015625e-07,True,section-19-v1,synthetic,False,False
moderate_integrated_stress,1,SYN-MBR-0042,moderate_market_stress,moderate_haircut_stress,key_rate_5y_up_100bp,moderate_settlement_disruption,3031697123.899857,358273.1059187356,241337739.25796765,2739249147.0174656,404893263.986371,3436948660.992147,1718474330.4960735,4457723477.513539,14381753.369399998,2137749347.8518445,1.7881393432617188e-07,2.384185791015625e-07,True,section-19-v1,synthetic,False,False
moderate_integrated_stress,1,SYN-MBR-0043,moderate_market_stress,moderate_haircut_stress,key_rate_5y_up_100bp,moderate_settlement_disruption,3973492117.78361,515551.53754125553,358089414.7669103,3380320226.8421397,556430428.119374,4530438097.440525,2265219048.7202625,5645539275.562402,17398362.399017498,2839047839.238654,-1.1920928955078125e-07,-4.76837158203125e-07,True,section-19-v1,synthetic,False,False
moderate_integrated_stress,1,SYN-MBR-0044,moderate_market_stress,moderate_haircut_stress,key_rate_5y_up_100bp,moderate_settlement_disruption,28277055151.004784,3939557.4549911297,2518998948.437402,32050180077.356716,4028327437.108524,32309322145.56829,16154661072.78415,48204841150.14087,127688402.495035,20310676912.387707,-8.106231689453125e-06,3.814697265625e-06,True,section-19-v1,synthetic,False,False
moderate_integrated_stress,1,SYN-MBR-0045,moderate_market_stress,moderate_haircut_stress,key_rate_5y_up_100bp,moderate_settlement_disruption,5695319983.163429,775216.3045392709,498977160.8680447,5279175635.369816,806674305.4708216,6502769504.93879,3251384752.469395,8530560387.8392105,27084479.0463925,4085143536.9866095,1.1920928955078125e-07,-4.76837158203125e-07,True,section-19-v1,synthetic,False,False
moderate_integrated_stress,1,SYN-MBR-0046,moderate_market_stress,moderate_haircut_stress,key_rate_5y_up_100bp,moderate_settlement_disruption,9122932611.019815,1222571.6938448355,792657617.9656961,9939006083.987791,1287951937.4643164,10412107120.17798,5206053560.08899,15145059644.07678,41552915.516265,6535558413.0695715,3.814697265625e-06,-9.5367431640625e-07,True,section-19-v1,synthetic,False,False
moderate_integrated_stress,1,SYN-MBR-0047,moderate_market_stress,moderate_haircut_stress,key_rate_5y_up_100bp,moderate_settlement_disruption,11736187818.089329,1530027.6865390495,973383747.5584469,12639642717.232565,1631144715.8829443,13368862561.658812,6684431280.829406,19324073998.06197,51435361.670795,8367011358.383145,-4.76837158203125e-07,-9.5367431640625e-07,True,section-19-v1,synthetic,False,False
moderate_integrated_stress,1,SYN-MBR-0048,moderate_market_stress,moderate_haircut_stress,key_rate_5y_up_100bp,moderate_settlement_disruption,4229908452.798897,596750.8178157549,395536170.8953713,5091116513.1984005,608867698.9113256,4839372902.528038,2419686451.264019,7510802964.4624195,18514418.343369998,3047068568.5187144,-1.1920928955078125e-07,0.0,True,section-19-v1,synthetic,False,False
severe_integrated_stress,2,SYN-MBR-0001,severe_market_stress,severe_haircut_stress,parallel_up_100bp,severe_multi_day_fails,7172038454.883167,281256.4099954185,994341033.371428,7486828081.45977,1148227496.704339,8320547207.997499,6240410405.998125,13727238487.457895,49602561.48285474,7438240464.185319,-2.1457672119140625e-06,0.0,True,section-19-v1,synthetic,False,False
severe_integrated_stress,2,SYN-MBR-0002,severe_market_stress,severe_haircut_stress,parallel_up_100bp,severe_multi_day_fails,20405348105.061264,800209.7296102461,2695835723.2850313,19058595629.791756,3085638180.964593,23491786495.755463,17618839871.8166,36677435501.60835,107646457.44344383,20812124510.224636,-4.76837158203125e-06,-3.814697265625e-06,True,section-19-v1,synthetic,False,False
severe_integrated_stress,2,SYN-MBR-0003,severe_market_stress,severe_haircut_stress,parallel_up_100bp,severe_multi_day_fails,10017220772.664465,392832.18716331234,1312580724.5622673,9771186045.66058,1511146359.9471123,11528759964.79874,8646569973.599056,18417756019.259636,58434777.671251595,10216151111.21742,-2.384185791015625e-07,0.0,True,section-19-v1,synthetic,False,False
severe_integrated_stress,2,SYN-MBR-0004,severe_market_stress,severe_haircut_stress,parallel_up_100bp,severe_multi_day_fails,12721462996.291046,498880.9018153354,1583862691.0134292,12944724858.858143,2000000951.7059436,14721962828.898806,11041472121.674105,23986196980.532246,65308340.18648411,13106781413.566532,4.76837158203125e-07,-1.9073486328125e-06,True,section-19-v1,synthetic,False,False
severe_integrated_stress,2,SYN-MBR-0005,severe_market_stress,severe_haircut_stress,parallel_up_100bp,severe_multi_day_fails,11728347688.475044,459935.2034696096,1602390104.4541845,12937199426.817896,1795141105.1604486,13523948728.83896,10142961546.629223,23080160973.447117,97833966.6954971,12035936618.485168,-1.6689300537109375e-06,-1.9073486328125e-06,True,section-19-v1,synthetic,False,False
severe_integrated_stress,2,SYN-MBR-0006,severe_market_stress,severe_haircut_stress,parallel_up_100bp,severe_multi_day_fails,17701437865.984005,694174.0339601574,2301934857.4314327,18664656921.40991,2709627404.614514,20411759444.63248,15308819583.474361,33973476504.884266,101834058.52296329,18120281046.61184,1.430511474609375e-06,-3.814697265625e-06,True,section-19-v1,synthetic,False,False
severe_integrated_stress,2,SYN-MBR-0007,severe_market_stress,severe_haircut_stress,parallel_up_100bp,severe_multi_day_fails,18982449170.503742,744409.7713923038,2522633751.6865244,22311914620.37076,2960594074.7733297,21943787655.04847,16457840741.286352,38769755361.65712,114362264.7767764,19532797080.836456,5.245208740234375e-06,5.7220458984375e-06,True,section-19-v1,synthetic,False,False
severe_integrated_stress,2,SYN-MBR-0008,severe_market_stress,severe_haircut_stress,parallel_up_100bp,severe_multi_day_fails,4658374776.640987,182681.36378984276,596634582.370538,5997949573.550435,743830810.9294273,5402388268.934205,4051791201.7006536,10049740775.25109,37093375.2240357,4832715387.854116,5.960464477539062e-07,4.76837158203125e-07,True,section-19-v1,synthetic,False,False
severe_integrated_stress,2,SYN-MBR-0009,severe_market_stress,severe_haircut_stress,parallel_up_100bp,severe_multi_day_fails,13612679648.883224,533830.5744660088,1873849709.943247,14960890575.578413,2033088161.8024309,15646301641.260118,11734726230.94509,26695616806.523502,97504775.64214253,13865319168.389664,-2.86102294921875e-06,0.0,True,section-19-v1,synthetic,False,False
severe_integrated_stress,2,SYN-MBR-0010,severe_market_stress,severe_haircut_stress,parallel_up_100bp,severe_multi_day_fails,10361904672.99325,406349.2028624806,1355698608.0250223,11475705260.95641,1501107128.4014304,11863418150.597542,8897563612.948156,20373268873.904568,66172195.96081364,10464842937.3104,-9.5367431640625e-07,1.9073486328125e-06,True,section-19-v1,synthetic,False,False
severe_integrated_stress,2,SYN-MBR-0011,severe_market_stress,severe_haircut_stress,parallel_up_100bp,severe_multi_day_fails,24573208118.99068,963655.2203525758,3269387325.6526046,24453695499.105347,4050242377.518397,28624414151.729424,21468310613.797066,45922006112.90241,191240097.6488213,25709793088.964287,-6.67572021484375e-06,0.0,True,section-19-v1,synthetic,False,False
severe_integrated_stress,2,SYN-MBR-0012,severe_market_stress,severe_haircut_stress,parallel_up_100bp,severe_multi_day_fails,57575577449.628296,2257865.7823383645,7370429636.7135105,79070784833.65941,8874322253.450953,66452157568.86159,49839118176.6462,128909903010.30562,471679336.33128965,59185119766.428444,0.0,7.62939453125e-06,True,section-19-v1,synthetic,False,False
severe_integrated_stress,2,SYN-MBR-0013,severe_market_stress,severe_haircut_stress,parallel_up_100bp,severe_multi_day_fails,19735183488.94332,773928.7642722873,2769898971.731902,24911947581.500103,3034354265.861028,22770311683.568623,17077733762.676468,41989681344.176575,156351025.7321536,20268439054.26965,9.5367431640625e-07,3.814697265625e-06,True,section-19-v1,synthetic,False,False
severe_integrated_stress,2,SYN-MBR-0014,severe_market_stress,severe_haircut_stress,parallel_up_100bp,severe_multi_day_fails,7506843327.075174,294386.0128264773,981715924.8052275,8787664588.78951,1202103092.0766,8709240805.1646,6531930603.87345,15319595192.662962,59384339.805232845,7793418035.755283,-4.76837158203125e-07,9.5367431640625e-07,True,section-19-v1,synthetic,False,False
severe_integrated_stress,2,SYN-MBR-0015,severe_market_stress,severe_haircut_stress,parallel_up_100bp,severe_multi_day_fails,6484792437.697194,254305.58579204688,790542082.2565075,7947001113.08808,994841174.7588252,7479887918.041812,5609915938.531359,13556917051.61944,46802075.917205,6651559189.207389,5.960464477539062e-07,9.5367431640625e-07,True,section-19-v1,synthetic,False,False
severe_integrated_stress,2,SYN-MBR-0016,severe_market_stress,severe_haircut_stress,parallel_up_100bp,severe_multi_day_fails,10218619428.55429,400730.1736687958,1313191632.339999,10776389799.824627,1690026558.762858,11909046717.490816,8931785038.118113,19708174837.94274,60611626.970188126,10682423223.851158,-1.430511474609375e-06,1.9073486328125e-06,True,section-19-v1,synthetic,False,False
severe_integrated_stress,2,SYN-MBR-0017,severe_market_stress,severe_haircut_stress,parallel_up_100bp,severe_multi_day_fails,6590178762.185116,258438.38283078905,821464298.1766764,8323174501.82575,1084432852.5867383,7674870053.154685,5756152539.866014,14079327041.691763,43964498.32610905,6884549890.778861,0.0,-9.5367431640625e-07,True,section-19-v1,synthetic,False,False
severe_integrated_stress,2,SYN-MBR-0018,severe_market_stress,severe_haircut_stress,parallel_up_100bp,severe_multi_day_fails,19046554124.88574,746923.6911719902,2447660848.0898037,21571110316.30093,2807275974.222532,21854577022.79944,16390932767.099583,37962043083.40051,88873503.54074703,19287082244.86286,-3.814697265625e-06,0.0,True,section-19-v1,synthetic,False,False
severe_integrated_stress,2,SYN-MBR-0019,severe_market_stress,severe_haircut_stress,parallel_up_100bp,severe_multi_day_fails,8225051218.162553,322551.0281632375,1117150569.2020612,9277318093.861492,1235945922.7581306,9461319691.948849,7095989768.961635,16373307862.823128,54279473.320405476,8386215165.04017,2.1457672119140625e-06,9.5367431640625e-07,True,section-19-v1,synthetic,False,False
severe_integrated_stress,2,SYN-MBR-0020,severe_market_stress,severe_haircut_stress,parallel_up_100bp,severe_multi_day_fails,20241210251.345367,793772.9510331515,2512554610.5947742,23408539418.166916,3068375379.9141493,23310379404.21055,17482784553.157913,40891323971.32483,86003128.84844978,20637163061.920513,-1.430511474609375e-06,0.0,True,section-19-v1,synthetic,False,False
severe_integrated_stress,2,SYN-MBR-0021,severe_market_stress,severe_haircut_stress,parallel_up_100bp,severe_multi_day_fails,87637247312.84111,3436754.796582005,12138536730.070986,101906206635.13919,13298429535.943932,100939113603.58163,75704335202.68622,177610541837.8254,688418584.6464744,89691183323.27663,1.1444091796875e-05,0.0,True,section-19-v1,synthetic,False,False
severe_integrated_stress,2,SYN-MBR-0022,severe_market_stress,severe_haircut_stress,parallel_up_100bp,severe_multi_day_fails,9508058578.849754,372865.0423078336,1231345572.2467108,11667517269.637356,1371863222.1291797,10880294666.02124,8160220999.515931,19827738269.153286,54733353.68991195,9586817575.335024,-1.6689300537109375e-06,-9.5367431640625e-07,True,section-19-v1,synthetic,False,False
severe_integrated_stress,2,SYN-MBR-0023,severe_market_stress,severe_haircut_stress,parallel_up_100bp,severe_multi_day_fails,15858045772.503893,621884.1479413293,2193605346.9947534,16512205054.884909,2504372786.758326,18363040443.410164,13772280332.557623,30284485387.44253,90072721.40764692,16366725840.723595,3.814697265625e-06,0.0,True,section-19-v1,synthetic,False,False
severe_integrated_stress,2,SYN-MBR-0024,severe_market_stress,severe_haircut_stress,parallel_up_100bp,severe_multi_day_fails,6958779081.383569,272893.2973091596,881731025.2790602,6984271060.757376,1104623871.6069095,8063675846.287787,6047756884.715841,13032027945.473215,36837896.95526275,7189218653.278014,0.0,-1.9073486328125e-06,True,section-19-v1,synthetic,False,False
severe_integrated_stress,2,SYN-MBR-0025,severe_market_stress,severe_haircut_stress,parallel_up_100bp,severe_multi_day_fails,14957888207.35362,586583.8512687696,2020324365.6512132,17317905931.065277,2443097946.346382,17401572737.55127,13051179553.163452,30369085484.22873,142571472.88690403,15636848972.396738,-1.9073486328125e-06,0.0,True,section-19-v1,synthetic,False,False
severe_integrated_stress,2,SYN-MBR-0026,severe_market_stress,severe_haircut_stress,parallel_up_100bp,severe_multi_day_fails,19758887660.725525,774858.3396362949,2477700244.3831024,20282972732.41491,3082832150.7021046,22842494669.767265,17131871002.325447,37414843734.74035,103618902.53466499,20318322055.562214,-4.76837158203125e-07,-7.62939453125e-06,True,section-19-v1,synthetic,False,False
severe_integrated_stress,2,SYN-MBR-0027,severe_market_stress,severe_haircut_stress,parallel_up_100bp,severe_multi_day_fails,12058434647.739004,472879.7901074121,1706561375.8251042,12626897380.487915,1880986055.2234776,13939893582.75259,10454920187.064442,23081817567.552357,92096152.29247048,12428002394.58039,9.5367431640625e-07,0.0,True,section-19-v1,synthetic,False,False
severe_integrated_stress,2,SYN-MBR-0028,severe_market_stress,severe_haircut_stress,parallel_up_100bp,severe_multi_day_fails,29197066683.487934,1144983.0071956054,3655266900.0673428,34731742919.04382,4448866179.565195,33647077846.06033,25235308384.545246,59967051303.589066,174085789.56969,29858260353.680134,4.76837158203125e-06,-3.814697265625e-06,True,section-19-v1,synthetic,False,False
severe_integrated_stress,2,SYN-MBR-0029,severe_market_stress,severe_haircut_stress,parallel_up_100bp,severe_multi_day_fails,7287207947.535444,285772.8606876646,926688672.8087943,8464465397.549688,1135138687.8543825,8422632408.250516,6316974306.187886,14781439703.737576,47055610.206455,7499168604.248724,1.430511474609375e-06,9.5367431640625e-07,True,section-19-v1,synthetic,False,False
severe_integrated_stress,2,SYN-MBR-0030,severe_market_stress,severe_haircut_stress,parallel_up_100bp,severe_multi_day_fails,66128561660.9222,2593276.9278793028,9394697529.060177,65165395938.00389,10461748600.306934,76592903538.15701,57444677653.61776,122610073591.62166,470071713.83065873,68376497967.755356,-3.814697265625e-06,7.62939453125e-06,True,section-19-v1,synthetic,False,False
severe_integrated_stress,2,SYN-MBR-0031,severe_market_stress,severe_haircut_stress,parallel_up_100bp,severe_multi_day_fails,20123961000.28264,789174.9411875549,2645622290.045124,19981899690.00908,3105316002.123922,23230066177.347744,17422549633.01081,37404449323.01989,98207515.96401152,20626073151.098743,-3.814697265625e-06,0.0,True,section-19-v1,synthetic,False,False
severe_integrated_stress,2,SYN-MBR-0032,severe_market_stress,severe_haircut_stress,parallel_up_100bp,severe_multi_day_fails,9627868949.197468,377563.4882038223,1341518680.316803,14964030949.558702,1527154696.9075785,11155401209.593248,8366550907.194937,23330581856.75364,97193066.1029219,9990898670.205439,-1.6689300537109375e-06,0.0,True,section-19-v1,synthetic,False,False
severe_integrated_stress,2,SYN-MBR-0033,severe_market_stress,severe_haircut_stress,parallel_up_100bp,severe_multi_day_fails,10440125421.96613,409416.68321435794,1353866528.3466399,10049048198.09252,1625018819.4627714,12065553658.112114,9049165243.584085,19098213441.676605,58388867.689307496,10732572930.736164,-1.1920928955078125e-06,0.0,True,section-19-v1,synthetic,False,False
severe_integrated_stress,2,SYN-MBR-0034,severe_market_stress,severe_haircut_stress,parallel_up_100bp,severe_multi_day_fails,15413609153.091398,604455.2609055449,2019307601.279083,17801884190.654385,2331314107.41274,17745527715.765045,13309145786.823782,31111029977.47817,125738356.34260051,15766198250.579123,9.5367431640625e-07,1.9073486328125e-06,True,section-19-v1,synthetic,False,False
severe_integrated_stress,2,SYN-MBR-0035,severe_market_stress,severe_haircut_stress,parallel_up_100bp,severe_multi_day_fails,7255019790.397408,284510.5800155847,895442650.2548281,8139998946.622092,1127703959.312296,8383008260.28972,6287256195.217289,14427255141.839382,50416276.32469,7465376430.854275,4.76837158203125e-07,9.5367431640625e-07,True,section-19-v1,synthetic,False,False
severe_integrated_stress,2,SYN-MBR-0036,severe_market_stress,severe_haircut_stress,parallel_up_100bp,severe_multi_day_fails,33193470963.28901,1301704.7436583922,4059252904.3103666,38149971315.86986,5185309484.738293,38380082152.77096,28785061614.57822,66935032930.448074,170636287.8926475,34141007387.20916,-1.9073486328125e-06,-3.814697265625e-06,True,section-19-v1,synthetic,False,False
severe_integrated_stress,2,SYN-MBR-0037,severe_market_stress,severe_haircut_stress,parallel_up_100bp,severe_multi_day_fails,67837134721.96238,2660279.7930181315,9045158141.391312,64156884226.51561,10547818927.893118,78387613929.6485,58790710447.236374,122947594673.75198,499288302.56379473,69837817677.69328,-1.71661376953125e-05,0.0,True,section-19-v1,synthetic,False,False
severe_integrated_stress,2,SYN-MBR-0038,severe_market_stress,severe_haircut_stress,parallel_up_100bp,severe_multi_day_fails,7074986946.34475,277450.4684841078,932284670.484655,7515526092.001369,1060934477.2687776,8136198874.082011,6102149155.561508,13617675247.562878,44702119.40599769,7207785752.236283,-9.5367431640625e-07,0.0,True,section-19-v1,synthetic,False,False
severe_integrated_stress,2,SYN-MBR-0039,severe_market_stress,severe_haircut_stress,parallel_up_100bp,severe_multi_day_fails,45001000854.06153,1764745.1315318253,5750235295.769554,51975627699.91492,6741049421.896879,51743815021.089935,38807861265.81746,90783488965.73238,274101856.0770934,45823012543.791435,-6.67572021484375e-06,0.0,True,section-19-v1,synthetic,False,False
severe_integrated_stress,2,SYN-MBR-0040,severe_market_stress,severe_haircut_stress,parallel_up_100bp,severe_multi_day_fails,7499714037.920952,294106.4328596454,926656613.9009206,7977686203.670638,1156522469.113403,8656530613.467215,6492397960.10041,14470084163.77105,45150665.15157673,7694071094.365391,0.0,9.5367431640625e-07,True,section-19-v1,synthetic,False,False
severe_integrated_stress,2,SYN-MBR-0041,severe_market_stress,severe_haircut_stress,parallel_up_100bp,severe_multi_day_fails,5212043385.877289,204393.85826969764,668843666.1711853,6447594606.104408,755901471.2633733,5968149250.998933,4476111938.249199,10923706544.35361,42225027.3582575,5274238436.87083,1.0728836059570312e-06,1.9073486328125e-06,True,section-19-v1,synthetic,False,False
severe_integrated_stress,2,SYN-MBR-0042,severe_market_stress,severe_haircut_stress,parallel_up_100bp,severe_multi_day_fails,6231328235.685981,244365.81316415613,854556383.9133804,6487452332.787273,997350278.6312032,7228922880.130348,5421692160.097761,11909144492.885035,53191725.43133192,6472234164.1602955,1.1920928955078125e-07,0.0,True,section-19-v1,synthetic,False,False
severe_integrated_stress,2,SYN-MBR-0043,severe_market_stress,severe_haircut_stress,parallel_up_100bp,severe_multi_day_fails,8636093983.036875,338670.35227595584,1181323127.9343808,8316452278.619577,1362578391.286132,9999011044.675282,7499258283.506463,15815710562.12604,57232422.30823977,8919069097.100834,-1.1920928955078125e-06,-9.5367431640625e-07,True,section-19-v1,synthetic,False,False
severe_integrated_stress,2,SYN-MBR-0044,severe_market_stress,severe_haircut_stress,parallel_up_100bp,severe_multi_day_fails,64218982919.2636,2518391.4870299445,8047114355.510365,75096306684.58392,9448662278.500631,73670163589.25127,55252622691.93843,130348929376.52235,405739378.9932903,65107024349.43236,1.9073486328125e-06,0.0,True,section-19-v1,synthetic,False,False
severe_integrated_stress,2,SYN-MBR-0045,severe_market_stress,severe_haircut_stress,parallel_up_100bp,severe_multi_day_fails,12748228291.98948,499930.52125448943,1594743835.092822,12632261149.18776,1919314711.079858,14668042933.59059,11001032200.192944,23633293349.380703,86178332.93750201,13006525244.210304,-2.1457672119140625e-06,0.0,True,section-19-v1,synthetic,False,False
severe_integrated_stress,2,SYN-MBR-0046,severe_market_stress,severe_haircut_stress,parallel_up_100bp,severe_multi_day_fails,20224723996.584167,793126.4312385948,2539755904.0931396,23691774868.24837,3096666569.788724,23322183692.80413,17491637769.603096,41183412637.85147,132651620.51927164,20720955959.91109,4.76837158203125e-07,3.814697265625e-06,True,section-19-v1,synthetic,False,False
severe_integrated_stress,2,SYN-MBR-0047,severe_market_stress,severe_haircut_stress,parallel_up_100bp,severe_multi_day_fails,25582042048.07424,1003217.335218598,3197503213.7486305,29686576534.931507,3917054586.431435,29500099851.840885,22125074888.88066,51811651423.81217,171532336.60420775,26213661811.9163,-1.0013580322265625e-05,3.814697265625e-06,True,section-19-v1,synthetic,False,False
severe_integrated_stress,2,SYN-MBR-0048,severe_market_stress,severe_haircut_stress,parallel_up_100bp,severe_multi_day_fails,9682280526.599762,379697.275552932,1239237461.870297,11932883142.954979,1436819280.563553,11119479504.438868,8339609628.329149,20272492771.28413,56852563.92701,9833281472.819712,-4.76837158203125e-07,1.9073486328125e-06,True,section-19-v1,synthetic,False,False
extreme_integrated_crisis,3,SYN-MBR-0001,concentrated_funding_freeze,extreme_collateral_freeze,bear_steepener,combined_settlement_funding_crisis,8268938453.865299,60938.88883234064,2484709526.3968253,17941626512.439793,2245234440.376944,10514233833.131077,10514233833.131075,28455860345.57087,109422673.73076606,12868890947.238785,9.5367431640625e-07,1.9073486328125e-06,True,section-19-v1,synthetic,False,False
extreme_integrated_crisis,3,SYN-MBR-0002,concentrated_funding_freeze,extreme_collateral_freeze,bear_steepener,combined_settlement_funding_crisis,23526166050.54122,173378.77474888673,6875845331.991491,46530595536.08537,5895534543.508934,29421873972.824905,29421873972.8249,75952469508.91028,244020193.0078065,35561428709.34164,9.5367431640625e-07,3.814697265625e-06,True,section-19-v1,synthetic,False,False
extreme_integrated_crisis,3,SYN-MBR-0003,concentrated_funding_freeze,extreme_collateral_freeze,bear_steepener,combined_settlement_funding_crisis,11549266302.601383,85113.64055205119,3368400178.0487275,23699540948.37004,2899334872.331212,14448686288.573149,14448686288.573149,38148227236.94319,133559859.02104798,17481581019.92541,1.430511474609375e-06,1.9073486328125e-06,True,section-19-v1,synthetic,False,False
extreme_integrated_crisis,3,SYN-MBR-0004,concentrated_funding_freeze,extreme_collateral_freeze,bear_steepener,combined_settlement_funding_crisis,14667098513.370855,108090.86205998925,4117424707.2882156,31249096020.206768,3912984136.772696,18580190741.00561,18580190741.00561,49829286761.21238,154915509.17814964,22648090386.95646,0.0,0.0,True,section-19-v1,synthetic,False,False
extreme_integrated_crisis,3,SYN-MBR-0005,concentrated_funding_freeze,extreme_collateral_freeze,bear_steepener,combined_settlement_funding_crisis,13522094982.00652,99652.62741841556,4024774647.0627394,30927936462.104866,3445112410.882041,16967307045.51598,16967307045.515982,47895243507.62085,217169545.83403128,20629589002.23205,9.5367431640625e-07,1.9073486328125e-06,True,section-19-v1,synthetic,False,False
extreme_integrated_crisis,3,SYN-MBR-0006,concentrated_funding_freeze,extreme_collateral_freeze,bear_steepener,combined_settlement_funding_crisis,20408716598.42862,150404.37402470084,5749121575.484929,45034779378.21637,5194371064.977964,25603238067.78061,25603238067.780605,70638017445.99698,227873785.8719831,31025482918.63055,9.5367431640625e-07,3.814697265625e-06,True,section-19-v1,synthetic,False,False
extreme_integrated_crisis,3,SYN-MBR-0007,concentrated_funding_freeze,extreme_collateral_freeze,bear_steepener,combined_settlement_funding_crisis,21885647278.93373,161288.7838016658,6578759707.498002,52664880824.19728,5744250471.263718,27630059038.98125,27630059038.98125,80294939863.17854,269009087.91919005,33643318598.164158,0.0,1.1444091796875e-05,True,section-19-v1,synthetic,False,False
extreme_integrated_crisis,3,SYN-MBR-0008,concentrated_funding_freeze,extreme_collateral_freeze,bear_steepener,combined_settlement_funding_crisis,5370832095.421373,39580.96215446598,1500899686.9095287,14010068655.97417,1459492177.9998124,6830363854.38334,6830363854.383341,20840432510.35751,83246384.29613598,8373102416.679289,-2.384185791015625e-07,-1.9073486328125e-06,True,section-19-v1,synthetic,False,False
extreme_integrated_crisis,3,SYN-MBR-0009,concentrated_funding_freeze,extreme_collateral_freeze,bear_steepener,combined_settlement_funding_crisis,15694618889.300655,115663.2911343024,4890178412.151813,35823075445.99737,3866187078.0183854,19560921630.610176,19560921630.610176,55383997076.607544,226988592.25275147,23654097300.881313,9.5367431640625e-07,0.0,True,section-19-v1,synthetic,False,False
extreme_integrated_crisis,3,SYN-MBR-0010,concentrated_funding_freeze,extreme_collateral_freeze,bear_steepener,combined_settlement_funding_crisis,11946666564.156923,88042.32728687073,3473903926.4095182,27338239656.133575,2822844083.2217884,14769598689.705996,14769598689.706,42107838345.83958,150755600.7458619,17743198373.67365,-2.86102294921875e-06,1.9073486328125e-06,True,section-19-v1,synthetic,False,False
extreme_integrated_crisis,3,SYN-MBR-0011,concentrated_funding_freeze,extreme_collateral_freeze,bear_steepener,combined_settlement_funding_crisis,28331463478.36572,208791.9644097248,8258325154.958469,58505203395.36257,8035415541.936017,36367087812.26614,36367087812.26614,94872291207.62872,431780476.01519907,44834283830.21736,-1.9073486328125e-06,7.62939453125e-06,True,section-19-v1,synthetic,False,False
extreme_integrated_crisis,3,SYN-MBR-0012,concentrated_funding_freeze,extreme_collateral_freeze,bear_steepener,combined_settlement_funding_crisis,66381254000.74791,489204.2528399809,18877536441.19851,183354779290.13153,17173946184.080114,83555689389.08087,83555689389.08086,266910468679.2124,1092401790.640637,101822037363.8016,7.62939453125e-06,1.52587890625e-05,True,section-19-v1,synthetic,False,False
extreme_integrated_crisis,3,SYN-MBR-0013,concentrated_funding_freeze,extreme_collateral_freeze,bear_steepener,combined_settlement_funding_crisis,22753505669.605247,167684.56559232873,7087851628.170282,58588035521.21437,5855562367.993776,28609235722.16461,28609235722.16461,87197271243.37898,352804227.95615923,34817602318.11455,-4.76837158203125e-06,0.0,True,section-19-v1,synthetic,False,False
extreme_integrated_crisis,3,SYN-MBR-0014,concentrated_funding_freeze,extreme_collateral_freeze,bear_steepener,combined_settlement_funding_crisis,8654948777.098436,63783.63611240345,2477711969.4755096,20698082978.639076,2361713412.648638,11016725973.383186,11016725973.383184,31714808952.022263,134800314.45288873,13513239700.48471,0.0,1.9073486328125e-06,True,section-19-v1,synthetic,False,False
extreme_integrated_crisis,3,SYN-MBR-0015,concentrated_funding_freeze,extreme_collateral_freeze,bear_steepener,combined_settlement_funding_crisis,7476584222.286178,55099.54358827671,1998356285.3355002,18679118992.948498,1927413671.4154463,9404052993.245213,9404052993.245213,28083171986.19371,106865862.4772838,11438332527.137943,4.76837158203125e-07,0.0,True,section-19-v1,synthetic,False,False
extreme_integrated_crisis,3,SYN-MBR-0016,concentrated_funding_freeze,extreme_collateral_freeze,bear_steepener,combined_settlement_funding_crisis,11781467105.862593,86824.87096157241,3407764094.566855,25830817103.06435,3375739373.571984,15157293304.30554,15157293304.305538,40988110407.36989,142012058.93062,18675044736.80814,1.9073486328125e-06,0.0,True,section-19-v1,synthetic,False,False
extreme_integrated_crisis,3,SYN-MBR-0017,concentrated_funding_freeze,extreme_collateral_freeze,bear_steepener,combined_settlement_funding_crisis,7598088455.225194,55994.982946671,2088491423.883089,19494451887.333923,2153409056.4204783,9751553506.628618,9751553506.628618,29246005393.96254,100995856.43301508,12005958419.482113,-9.5367431640625e-07,-1.9073486328125e-06,True,section-19-v1,synthetic,False,False
extreme_integrated_crisis,3,SYN-MBR-0018,concentrated_funding_freeze,extreme_collateral_freeze,bear_steepener,combined_settlement_funding_crisis,21959556520.456505,161833.4664205978,6192953430.477262,51138309800.39529,5305298709.142171,27265017063.06509,27265017063.065094,78403326863.46037,202623980.94509998,32772939753.152363,-5.7220458984375e-06,-7.62939453125e-06,True,section-19-v1,synthetic,False,False
extreme_integrated_crisis,3,SYN-MBR-0019,concentrated_funding_freeze,extreme_collateral_freeze,bear_steepener,combined_settlement_funding_crisis,9483000227.99918,69886.05610203477,2835545700.3378444,22029105243.90041,2357022515.814687,11840092629.869968,11840092629.869967,33869197873.770374,122109148.88837086,14319224294.573025,0.0,-1.9073486328125e-06,True,section-19-v1,synthetic,False,False
extreme_integrated_crisis,3,SYN-MBR-0020,concentrated_funding_freeze,extreme_collateral_freeze,bear_steepener,combined_settlement_funding_crisis,23336924760.374657,171984.13939051653,6336354171.725628,56091590342.38829,5888652720.465927,29225749464.979973,29225749464.979973,85317339807.36827,194224443.97226405,35308626629.41817,-1.9073486328125e-06,7.62939453125e-06,True,section-19-v1,synthetic,False,False
extreme_integrated_crisis,3,SYN-MBR-0021,concentrated_funding_freeze,extreme_collateral_freeze,bear_steepener,combined_settlement_funding_crisis,101040591019.51093,744630.2059261014,31139897623.919804,240484424681.52866,25508210856.78927,126549546506.50612,126549546506.50613,367033971188.0348,1564791097.4768193,153622548460.77222,0.0,0.0,True,section-19-v1,synthetic,False,False
extreme_integrated_crisis,3,SYN-MBR-0022,concentrated_funding_freeze,extreme_collateral_freeze,bear_steepener,combined_settlement_funding_crisis,10962232243.850302,80787.42583336377,3174227596.6054726,27360867173.63684,2567411117.3521614,13529724148.6283,13529724148.628298,40890591322.26514,127086559.67020111,16224221825.65066,3.337860107421875e-06,-1.9073486328125e-06,True,section-19-v1,synthetic,False,False
extreme_integrated_crisis,3,SYN-MBR-0023,concentrated_funding_freeze,extreme_collateral_freeze,bear_steepener,combined_settlement_funding_crisis,18283393949.47508,134741.56538728817,5370357234.146307,40194183516.32915,4853549579.875006,23137078270.91547,23137078270.91547,63331261787.24461,194205080.59619692,28184832931.38667,-1.9073486328125e-06,-3.814697265625e-06,True,section-19-v1,synthetic,False,False
extreme_integrated_crisis,3,SYN-MBR-0024,concentrated_funding_freeze,extreme_collateral_freeze,bear_steepener,combined_settlement_funding_crisis,8023062940.88929,59126.88108365139,2212431734.5180063,16846963934.027773,2158256632.269182,10181378700.039557,10181378700.039557,27028342634.06733,83041592.52145667,12422676924.830194,9.5367431640625e-07,0.0,True,section-19-v1,synthetic,False,False
extreme_integrated_crisis,3,SYN-MBR-0025,concentrated_funding_freeze,extreme_collateral_freeze,bear_steepener,combined_settlement_funding_crisis,17245565227.30182,127093.16777489982,5032489453.25034,40863153870.703514,4818311992.869172,22064004313.338768,22064004313.338768,62927158184.04228,314505116.12433094,27196821422.33227,1.9073486328125e-06,0.0,True,section-19-v1,synthetic,False,False
extreme_integrated_crisis,3,SYN-MBR-0026,concentrated_funding_freeze,extreme_collateral_freeze,bear_steepener,combined_settlement_funding_crisis,22780835185.30707,167885.9735878637,6328685067.595481,48650350429.30949,6008705265.633899,28789708336.91456,28789708336.91456,77440058766.22404,239271561.72333437,35037685164.27179,0.0,0.0,True,section-19-v1,synthetic,False,False
extreme_integrated_crisis,3,SYN-MBR-0027,concentrated_funding_freeze,extreme_collateral_freeze,bear_steepener,combined_settlement_funding_crisis,13902665829.15791,102457.28785660597,4375360351.476895,30288115096.437153,3645181098.515389,17547949384.961155,17547949384.961155,47836064481.39831,207529637.08935,21400660120.565895,0.0,0.0,True,section-19-v1,synthetic,False,False
extreme_integrated_crisis,3,SYN-MBR-0028,concentrated_funding_freeze,extreme_collateral_freeze,bear_steepener,combined_settlement_funding_crisis,33662500411.5508,248079.6515590488,9009625561.07359,82049523091.48695,8607530834.414728,42270279325.61708,42270279325.61708,124319802417.10403,380419593.65259063,51258229753.684395,-7.62939453125e-06,0.0,True,section-19-v1,synthetic,False,False
extreme_integrated_crisis,3,SYN-MBR-0029,concentrated_funding_freeze,extreme_collateral_freeze,bear_steepener,combined_settlement_funding_crisis,8401722104.217337,61917.4531489939,2374087700.7499914,19987733670.17368,2214432628.909563,10616216650.580051,10616216650.58005,30603950320.753727,108733181.23283628,12939382460.722448,2.86102294921875e-06,-1.9073486328125e-06,True,section-19-v1,synthetic,False,False
extreme_integrated_crisis,3,SYN-MBR-0030,concentrated_funding_freeze,extreme_collateral_freeze,bear_steepener,combined_settlement_funding_crisis,76242341679.65147,561876.6677071837,24073398401.824768,157468531137.1336,20407133201.206676,96650036757.52583,96650036757.52585,254118567894.65945,1062675167.8939354,118119845126.62646,-2.288818359375e-05,0.0,True,section-19-v1,synthetic,False,False
extreme_integrated_crisis,3,SYN-MBR-0031,concentrated_funding_freeze,extreme_collateral_freeze,bear_steepener,combined_settlement_funding_crisis,23201743270.9141,170987.9039239706,6592594884.210411,48694230679.0352,5964707571.500374,29166621830.318398,29166621830.318394,77860852509.35359,217973969.61986846,35349303371.43864,-9.5367431640625e-07,-3.814697265625e-06,True,section-19-v1,synthetic,False,False
extreme_integrated_crisis,3,SYN-MBR-0032,concentrated_funding_freeze,extreme_collateral_freeze,bear_steepener,combined_settlement_funding_crisis,11100366553.192375,81805.42244416157,3425162656.286213,34295956508.070637,2979968541.835607,14080416900.450426,14080416900.450426,48376373408.521065,219431490.21626484,17279816932.5023,-4.76837158203125e-07,1.9073486328125e-06,True,section-19-v1,synthetic,False,False
extreme_integrated_crisis,3,SYN-MBR-0033,concentrated_funding_freeze,extreme_collateral_freeze,bear_steepener,combined_settlement_funding_crisis,12036850486.502125,88706.94802977744,3422111849.9720917,24354595494.566624,3171520967.405343,15208460160.855495,15208460160.855497,39563055655.42212,130930989.27141893,18510912117.53226,-2.384185791015625e-06,-1.9073486328125e-06,True,section-19-v1,synthetic,False,False
extreme_integrated_crisis,3,SYN-MBR-0034,concentrated_funding_freeze,extreme_collateral_freeze,bear_steepener,combined_settlement_funding_crisis,17770984670.623024,130965.30652953497,5024490382.31852,42255004492.70613,4448432212.699142,22219547848.628693,22219547848.628696,64474552341.33482,278849586.172902,26946829647.50074,-3.814697265625e-06,-3.814697265625e-06,True,section-19-v1,synthetic,False,False
extreme_integrated_crisis,3,SYN-MBR-0035,concentrated_funding_freeze,extreme_collateral_freeze,bear_steepener,combined_settlement_funding_crisis,8364611052.458187,61643.95900337682,2219465092.302372,19257085710.780872,2197540272.56512,10562212968.982311,10562212968.982311,29819298679.763187,111471371.249836,12871224612.797268,4.76837158203125e-07,3.814697265625e-06,True,section-19-v1,synthetic,False,False
extreme_integrated_crisis,3,SYN-MBR-0036,concentrated_funding_freeze,extreme_collateral_freeze,bear_steepener,combined_settlement_funding_crisis,38270119463.55673,282036.027792652,9949308348.217865,90308838173.42566,10146092013.95996,48416493513.54449,48416493513.544495,138725331686.97015,370873903.5192096,58933459431.02367,1.9073486328125e-06,0.0,True,section-19-v1,synthetic,False,False
extreme_integrated_crisis,3,SYN-MBR-0037,concentrated_funding_freeze,extreme_collateral_freeze,bear_steepener,combined_settlement_funding_crisis,78212225914.73308,576393.9551539283,22835349469.149082,155036301294.02298,20359243432.238747,98572045740.927,98572045740.92697,253608347034.94998,1131071397.7748253,120062360570.94054,2.288818359375e-05,3.0517578125e-05,True,section-19-v1,synthetic,False,False
extreme_integrated_crisis,3,SYN-MBR-0038,concentrated_funding_freeze,extreme_collateral_freeze,bear_steepener,combined_settlement_funding_crisis,8157043773.43277,60114.26817155665,2352625279.3808756,17913985832.462376,2008498121.4383872,10165602009.139328,10165602009.139328,28079587841.601704,101288993.00811364,12275389123.585829,-4.76837158203125e-07,0.0,True,section-19-v1,synthetic,False,False
extreme_integrated_crisis,3,SYN-MBR-0039,concentrated_funding_freeze,extreme_collateral_freeze,bear_steepener,combined_settlement_funding_crisis,51883506867.03565,382361.4451652283,14495220704.897856,123053017593.0218,12861062776.76562,64744952005.246445,64744952005.24644,187797969598.26825,614936367.7808748,78220951149.79292,7.62939453125e-06,7.62939453125e-06,True,section-19-v1,synthetic,False,False
extreme_integrated_crisis,3,SYN-MBR-0040,concentrated_funding_freeze,extreme_collateral_freeze,bear_steepener,combined_settlement_funding_crisis,8646729126.07357,63723.06045292325,2361191969.7791357,19169503748.311485,2240412662.6612377,10887205511.79526,10887205511.79526,30056709260.106747,104255866.05894622,13231874040.515444,-1.430511474609375e-06,1.9073486328125e-06,True,section-19-v1,synthetic,False,False
extreme_integrated_crisis,3,SYN-MBR-0041,concentrated_funding_freeze,extreme_collateral_freeze,bear_steepener,combined_settlement_funding_crisis,6009179433.129108,44285.33595843455,1713925969.3173678,15083450143.98503,1426302527.4704585,7435526245.935528,7435526245.935527,22518976389.92056,96701282.47617304,8958530055.882158,2.384185791015625e-06,2.86102294921875e-06,True,section-19-v1,synthetic,False,False
extreme_integrated_crisis,3,SYN-MBR-0042,concentrated_funding_freeze,extreme_collateral_freeze,bear_steepener,combined_settlement_funding_crisis,7184354907.02619,52945.92618556738,2151663204.019161,15470965173.849062,1943233959.8512092,9127641812.803583,9127641812.803585,24598606986.652645,119762128.94033986,11190637901.595135,-1.430511474609375e-06,-1.9073486328125e-06,True,section-19-v1,synthetic,False,False
extreme_integrated_crisis,3,SYN-MBR-0043,concentrated_funding_freeze,extreme_collateral_freeze,bear_steepener,combined_settlement_funding_crisis,9956908356.9131,73378.57632645729,3044823186.063244,20392851058.776173,2661026291.716159,12618008027.205584,12618008027.205587,33010859085.98176,131058678.04662278,15410092996.968369,-9.5367431640625e-07,-1.9073486328125e-06,True,section-19-v1,synthetic,False,False
extreme_integrated_crisis,3,SYN-MBR-0044,concentrated_funding_freeze,extreme_collateral_freeze,bear_steepener,combined_settlement_funding_crisis,74040709718.68037,545651.4888564883,20482296347.707382,177627324090.73572,17891952837.243137,91933208207.41235,91933208207.41237,269560532298.14807,935164604.5774955,110760325649.233,-1.52587890625e-05,-1.52587890625e-05,True,section-19-v1,synthetic,False,False
extreme_integrated_crisis,3,SYN-MBR-0045,concentrated_funding_freeze,extreme_collateral_freeze,bear_steepener,combined_settlement_funding_crisis,14697957324.881989,108318.27960513988,3923655079.642322,30358122309.33946,3672678214.400151,18370743857.561745,18370743857.561745,48728866166.90121,188495980.6758799,22231918052.637775,4.76837158203125e-07,3.814697265625e-06,True,section-19-v1,synthetic,False,False
extreme_integrated_crisis,3,SYN-MBR-0046,concentrated_funding_freeze,extreme_collateral_freeze,bear_steepener,combined_settlement_funding_crisis,23317917078.41469,171844.0601016953,6464454529.376864,56774661010.78033,5971060907.069063,29289149829.54385,29289149829.543854,86063810840.32417,305708007.7723511,35565918744.38527,-2.86102294921875e-06,-7.62939453125e-06,True,section-19-v1,synthetic,False,False
extreme_integrated_crisis,3,SYN-MBR-0047,concentrated_funding_freeze,extreme_collateral_freeze,bear_steepener,combined_settlement_funding_crisis,29494589655.426765,217363.75596402967,7873981921.05887,70347500633.27632,7529848386.376619,37024655405.55935,37024655405.55935,107372156038.83568,375794321.6991166,44930298113.635086,0.0,7.62939453125e-06,True,section-19-v1,synthetic,False,False
extreme_integrated_crisis,3,SYN-MBR-0048,concentrated_funding_freeze,extreme_collateral_freeze,bear_steepener,combined_settlement_funding_crisis,11163099901.256191,82267.74303646869,3154593404.546849,28232391919.123455,2742127650.709184,13905309819.708416,13905309819.708416,42137701738.83187,129924864.70025894,16777362335.117859,4.291534423828125e-06,0.0,True,section-19-v1,synthetic,False,False
