scenario_name,severity_rank,member_id,fails_to_receive_usd,fails_to_deliver_usd,required_replacement_liquidity_usd,persistent_multi_day_fail_liquidity_usd,combined_funding_shock_outflow_usd,incremental_combined_stress_outflow_usd,peak_stressed_liquidity_need_usd,maximum_stressed_liquidity_shortfall_usd,minimum_stressed_liquidity_headroom_usd,stressed_liquidity_coverage_ratio,first_shortfall_bucket,settlement_fail_status,model_version,value_class,actual_ficc_participant,participant_level_inference
control,0,SYN-MBR-0001,0.0,0.0,0.0,0.0,0.0,0.0,15200692220.05822,0.0,2801740897.0906963,1.7858959071120795,,COVERED,section-18-v1,synthetic,False,False
control,0,SYN-MBR-0002,0.0,0.0,0.0,0.0,0.0,0.0,43158537745.00542,6232574638.537617,-6232574638.537617,1.1698332226442978,day1_open,SHORTFALL,section-18-v1,synthetic,False,False
control,0,SYN-MBR-0003,0.0,0.0,0.0,0.0,0.0,0.0,21001947568.91915,0.0,375257365.99967384,1.4880668494054277,,COVERED,section-18-v1,synthetic,False,False
control,0,SYN-MBR-0004,0.0,0.0,0.0,0.0,0.0,0.0,28168690561.632576,0.0,757028495.0101852,1.471751498758301,,COVERED,section-18-v1,synthetic,False,False
control,0,SYN-MBR-0005,0.0,0.0,0.0,0.0,0.0,0.0,25006014437.941643,0.0,8958718229.235739,2.249434649645575,,COVERED,section-18-v1,synthetic,False,False
control,0,SYN-MBR-0006,0.0,0.0,0.0,0.0,0.0,0.0,39671572762.01172,804762205.481533,-804762205.481533,1.3916567085084877,day1_midday,SHORTFALL,section-18-v1,synthetic,False,False
control,0,SYN-MBR-0007,0.0,0.0,0.0,0.0,0.0,0.0,38055881010.279915,78970798.27069473,-78970798.27069473,1.4482306662064166,day1_midday,SHORTFALL,section-18-v1,synthetic,False,False
control,0,SYN-MBR-0008,0.0,0.0,0.0,0.0,0.0,0.0,9369090112.023746,0.0,4101484316.968244,2.471301442338863,,COVERED,section-18-v1,synthetic,False,False
control,0,SYN-MBR-0009,0.0,0.0,0.0,0.0,0.0,0.0,28749210611.240936,0.0,2761697072.274185,1.6448799160768977,,COVERED,section-18-v1,synthetic,False,False
control,0,SYN-MBR-0010,0.0,0.0,0.0,0.0,0.0,0.0,20008068999.66704,0.0,2701391170.5379047,1.760112289676146,,COVERED,section-18-v1,synthetic,False,False
control,0,SYN-MBR-0011,0.0,0.0,0.0,0.0,0.0,0.0,48641586420.90907,0.0,2843432975.744873,1.5468830999343792,,COVERED,section-18-v1,synthetic,False,False
control,0,SYN-MBR-0012,0.0,0.0,0.0,0.0,0.0,0.0,108730320443.70438,0.0,26178451931.2975,1.9531594476922034,,COVERED,section-18-v1,synthetic,False,False
control,0,SYN-MBR-0013,0.0,0.0,0.0,0.0,0.0,0.0,41294825691.613754,0.0,16753490785.790195,2.387303785168425,,COVERED,section-18-v1,synthetic,False,False
control,0,SYN-MBR-0014,0.0,0.0,0.0,0.0,0.0,0.0,14887037771.202387,0.0,3112109935.2417145,1.851504250175567,,COVERED,section-18-v1,synthetic,False,False
control,0,SYN-MBR-0015,0.0,0.0,0.0,0.0,0.0,0.0,12841345456.131432,0.0,2798605961.141453,1.886407312029657,,COVERED,section-18-v1,synthetic,False,False
control,0,SYN-MBR-0016,0.0,0.0,0.0,0.0,0.0,0.0,23058786656.724686,0.0,1288726092.2588978,1.5020183650924237,,COVERED,section-18-v1,synthetic,False,False
control,0,SYN-MBR-0017,0.0,0.0,0.0,0.0,0.0,0.0,13903211376.258072,573477760.0512886,-573477760.0512886,1.3340795097422822,day1_midday,SHORTFALL,section-18-v1,synthetic,False,False
control,0,SYN-MBR-0018,0.0,0.0,0.0,0.0,0.0,0.0,36080855019.86783,0.0,15457118277.368801,2.517235218429641,,COVERED,section-18-v1,synthetic,False,False
control,0,SYN-MBR-0019,0.0,0.0,0.0,0.0,0.0,0.0,16199974277.155426,922763113.8995094,-922763113.8995094,1.3634328666813806,day1_midday,SHORTFALL,section-18-v1,synthetic,False,False
control,0,SYN-MBR-0020,0.0,0.0,0.0,0.0,0.0,0.0,47586235106.09175,1941914417.8200302,-1941914417.8200302,1.3418572372860897,day1_midday,SHORTFALL,section-18-v1,synthetic,False,False
control,0,SYN-MBR-0021,0.0,0.0,0.0,0.0,0.0,0.0,166985124959.5232,0.0,29387039473.80429,1.8229676119629987,,COVERED,section-18-v1,synthetic,False,False
control,0,SYN-MBR-0022,0.0,0.0,0.0,0.0,0.0,0.0,16880049829.164467,0.0,551249094.491005,1.5898634650174204,,COVERED,section-18-v1,synthetic,False,False
control,0,SYN-MBR-0023,0.0,0.0,0.0,0.0,0.0,0.0,40037378565.29271,0.0,15406821721.166084,2.252603806824238,,COVERED,section-18-v1,synthetic,False,False
control,0,SYN-MBR-0024,0.0,0.0,0.0,0.0,0.0,0.0,15006456296.206936,0.0,3152842243.3085995,1.8341231264701734,,COVERED,section-18-v1,synthetic,False,False
control,0,SYN-MBR-0025,0.0,0.0,0.0,0.0,0.0,0.0,30518737474.877205,0.0,6773482439.731785,1.861529870014971,,COVERED,section-18-v1,synthetic,False,False
control,0,SYN-MBR-0026,0.0,0.0,0.0,0.0,0.0,0.0,40386347274.242455,0.0,1856719868.6002617,1.534637361866389,,COVERED,section-18-v1,synthetic,False,False
control,0,SYN-MBR-0027,0.0,0.0,0.0,0.0,0.0,0.0,25334507630.316593,0.0,9111459725.678442,2.2466114934868977,,COVERED,section-18-v1,synthetic,False,False
control,0,SYN-MBR-0028,0.0,0.0,0.0,0.0,0.0,0.0,59330871125.907074,0.0,6769834660.701225,1.6787080712799356,,COVERED,section-18-v1,synthetic,False,False
control,0,SYN-MBR-0029,0.0,0.0,0.0,0.0,0.0,0.0,14479281888.658249,0.0,4305769885.813977,2.0869369604246555,,COVERED,section-18-v1,synthetic,False,False
control,0,SYN-MBR-0030,0.0,0.0,0.0,0.0,0.0,0.0,141158207519.6033,0.0,46461534153.20872,2.145202776638448,,COVERED,section-18-v1,synthetic,False,False
control,0,SYN-MBR-0031,0.0,0.0,0.0,0.0,0.0,0.0,46699651552.86993,2433041440.1859245,-2433041440.1859245,1.31755784053815,day1_midday,SHORTFALL,section-18-v1,synthetic,False,False
control,0,SYN-MBR-0032,0.0,0.0,0.0,0.0,0.0,0.0,18131842925.68863,0.0,4894179891.601349,2.022742051163009,,COVERED,section-18-v1,synthetic,False,False
control,0,SYN-MBR-0033,0.0,0.0,0.0,0.0,0.0,0.0,22033043694.07576,0.0,11323110497.870716,2.6831663335170832,,COVERED,section-18-v1,synthetic,False,False
control,0,SYN-MBR-0034,0.0,0.0,0.0,0.0,0.0,0.0,31522461590.81772,0.0,8496882575.82946,2.0186944699361447,,COVERED,section-18-v1,synthetic,False,False
control,0,SYN-MBR-0035,0.0,0.0,0.0,0.0,0.0,0.0,13978245229.16104,0.0,7858103783.452246,2.8568654645764258,,COVERED,section-18-v1,synthetic,False,False
control,0,SYN-MBR-0036,0.0,0.0,0.0,0.0,0.0,0.0,67674348784.815895,963228132.8215714,-963228132.8215714,1.4161453418096717,day1_midday,SHORTFALL,section-18-v1,synthetic,False,False
control,0,SYN-MBR-0037,0.0,0.0,0.0,0.0,0.0,0.0,132559063395.3334,0.0,27934474688.049774,1.8738046331513236,,COVERED,section-18-v1,synthetic,False,False
control,0,SYN-MBR-0038,0.0,0.0,0.0,0.0,0.0,0.0,13260274229.96,0.0,2686767079.8050537,1.8883519682482952,,COVERED,section-18-v1,synthetic,False,False
control,0,SYN-MBR-0039,0.0,0.0,0.0,0.0,0.0,0.0,87954718896.50981,0.0,4875262024.168877,1.5857786285627744,,COVERED,section-18-v1,synthetic,False,False
control,0,SYN-MBR-0040,0.0,0.0,0.0,0.0,0.0,0.0,16397472487.74514,264185337.77417564,-264185337.77417564,1.4003579170566105,day1_midday,SHORTFALL,section-18-v1,synthetic,False,False
control,0,SYN-MBR-0041,0.0,0.0,0.0,0.0,0.0,0.0,9094995968.460407,0.0,2692976365.7087855,2.180772843840989,,COVERED,section-18-v1,synthetic,False,False
control,0,SYN-MBR-0042,0.0,0.0,0.0,0.0,0.0,0.0,12222319568.034828,0.0,112756911.39987755,1.467945607959318,,COVERED,section-18-v1,synthetic,False,False
control,0,SYN-MBR-0043,0.0,0.0,0.0,0.0,0.0,0.0,21168993309.503605,0.0,3715137785.5301323,1.7357361564005374,,COVERED,section-18-v1,synthetic,False,False
control,0,SYN-MBR-0044,0.0,0.0,0.0,0.0,0.0,0.0,123872504858.23402,0.0,52120131979.21108,2.4878936885995295,,COVERED,section-18-v1,synthetic,False,False
control,0,SYN-MBR-0045,0.0,0.0,0.0,0.0,0.0,0.0,24226324118.490807,3558901558.1355686,-3558901558.1355686,1.1969302414032557,day1_open,SHORTFALL,section-18-v1,synthetic,False,False
control,0,SYN-MBR-0046,0.0,0.0,0.0,0.0,0.0,0.0,49088290719.66732,0.0,14822091802.225292,2.0425348613065966,,COVERED,section-18-v1,synthetic,False,False
control,0,SYN-MBR-0047,0.0,0.0,0.0,0.0,0.0,0.0,52223523680.125565,0.0,11178545676.210785,1.8733615368809464,,COVERED,section-18-v1,synthetic,False,False
control,0,SYN-MBR-0048,0.0,0.0,0.0,0.0,0.0,0.0,20645095491.668884,0.0,2706540110.5593643,1.7111663995835853,,COVERED,section-18-v1,synthetic,False,False
moderate_settlement_disruption,1,SYN-MBR-0001,1559329178.551169,1194669820.8609817,1194669820.8609817,385559859.917701,1944959098.0300517,5085712627.180764,18785760631.64143,0.0,333536766.6206169,1.4450761166065391,,COVERED,section-18-v1,synthetic,False,False
moderate_settlement_disruption,1,SYN-MBR-0002,3896612777.9941516,2937806901.296192,2937806901.296192,956818755.1006482,5305332061.8210535,13099508303.113338,52485827944.83298,12587640753.990181,-12587640753.990181,0.9619414091728284,day1_open,SHORTFALL,section-18-v1,synthetic,False,False
moderate_settlement_disruption,1,SYN-MBR-0003,2011030799.2773716,1525019102.681542,1525019102.681542,495046986.2742479,2535944870.420042,6568566777.755885,25633789383.8044,2810058529.2315674,-2810058529.2315674,1.2191838468488359,day1_open,SHORTFALL,section-18-v1,synthetic,False,False
moderate_settlement_disruption,1,SYN-MBR-0004,2676723198.5143366,2038116157.6775508,2038116157.6775508,660077509.8668642,3272961649.775469,8649916631.991898,34245908232.472797,3437619948.838211,-3437619948.838211,1.210577108094646,day1_midday,SHORTFALL,section-18-v1,synthetic,False,False
moderate_settlement_disruption,1,SYN-MBR-0005,2700887673.2890263,2073429573.0781038,2073429573.0781038,668404414.4913982,3085776252.5713387,8530571343.002945,30951498062.355892,0.0,6182629195.760765,1.8173399947531328,,COVERED,section-18-v1,synthetic,False,False
moderate_settlement_disruption,1,SYN-MBR-0006,3861403673.73548,2941412211.928959,2941412211.928959,952394223.9930215,4682838709.385037,12440990231.254425,48403157751.43496,6837488763.5817375,-6837488763.5817375,1.140611747994881,day1_open,SHORTFALL,section-18-v1,synthetic,False,False
moderate_settlement_disruption,1,SYN-MBR-0007,4715291134.341953,3657146972.019163,3657146972.019163,1172141334.8905563,4984779281.363698,14533015869.58739,48095895894.891365,7127362324.278255,-7127362324.278255,1.1459126165158688,day1_open,SHORTFALL,section-18-v1,synthetic,False,False
moderate_settlement_disruption,1,SYN-MBR-0008,1280094005.5979447,1000885645.623791,1000885645.623791,319337151.1710429,1232619859.753872,3833937547.7922745,11989312061.79018,0.0,2944499154.204029,1.9312072108822775,,COVERED,section-18-v1,synthetic,False,False
moderate_settlement_disruption,1,SYN-MBR-0009,3118511079.5489607,2390866524.2236533,2390866524.2236533,771312864.5281659,3498261446.2800727,9781342781.105076,35548980348.43795,1979957640.6599693,-1979957640.6599693,1.3302491006489012,day1_midday,SHORTFALL,section-18-v1,synthetic,False,False
moderate_settlement_disruption,1,SYN-MBR-0010,2403906724.2016516,1850739876.1792803,1850739876.1792803,595650524.0533304,2578804672.1930695,7430952536.5035095,25146565250.77941,900539923.8898392,-900539923.8898392,1.400447647135855,day1_midday,SHORTFALL,section-18-v1,synthetic,False,False
moderate_settlement_disruption,1,SYN-MBR-0011,5101297532.831008,3913660531.584417,3913660531.584417,1262094129.0181594,6692768357.725236,16973734211.690401,60689514435.16531,5400124871.704254,-5400124871.704254,1.239799802136889,day1_midday,SHORTFALL,section-18-v1,synthetic,False,False
moderate_settlement_disruption,1,SYN-MBR-0012,16989150118.239515,13356002815.376184,13356002815.376184,4248321410.7061977,14825305836.474083,49432136183.61136,142130956229.07648,0.0,2706444141.808792,1.4941688866353855,,COVERED,section-18-v1,synthetic,False,False
moderate_settlement_disruption,1,SYN-MBR-0013,5282930797.291523,4109090040.4803076,4109090040.4803076,1314882917.2880561,5118695397.264498,15829708242.364864,52113961446.55302,0.0,11980897210.552166,1.8916868137641925,,COVERED,section-18-v1,synthetic,False,False
moderate_settlement_disruption,1,SYN-MBR-0014,1860899011.142889,1445717621.900229,1445717621.900229,462926328.62603664,1988753471.8444192,5759742151.135475,18872533138.71704,0.0,317905211.6803303,1.4605041889876997,,COVERED,section-18-v1,synthetic,False,False
moderate_settlement_disruption,1,SYN-MBR-0015,1686180211.0643196,1312100516.2749674,1312100516.2749674,419759301.82750016,1647386790.6692967,5066738920.352358,16308152846.992437,0.0,342496755.3853264,1.4853925022668986,,COVERED,section-18-v1,synthetic,False,False
moderate_settlement_disruption,1,SYN-MBR-0016,2243957678.843977,1718860883.6931484,1718860883.6931484,554794598.7551975,2707901524.067937,7227233546.243953,28131063215.805664,2217405296.5940895,-2217405296.5940895,1.2311913264511385,day1_midday,SHORTFALL,section-18-v1,synthetic,False,False
moderate_settlement_disruption,1,SYN-MBR-0017,1771840404.418398,1382502528.6008956,1382502528.6008956,441608010.6227011,1778262564.9774146,5375596011.14801,17595237895.180656,3180731641.004444,-3180731641.004444,1.0541482602950196,day1_open,SHORTFALL,section-18-v1,synthetic,False,False
moderate_settlement_disruption,1,SYN-MBR-0018,4539886401.401894,3508977585.9257464,3508977585.9257464,1126840958.2258697,4858957175.320192,14038171098.459631,45790180498.299736,0.0,11272601969.20596,1.9834820037548802,,COVERED,section-18-v1,synthetic,False,False
moderate_settlement_disruption,1,SYN-MBR-0019,1949503489.2457037,1504866553.725414,1504866553.725414,483611806.0159564,2120683593.245307,6060170308.786108,20399557265.958134,3861445054.3876877,-3861445054.3876877,1.0827478793240972,day1_open,SHORTFALL,section-18-v1,synthetic,False,False
moderate_settlement_disruption,1,SYN-MBR-0020,4875889212.563403,3735920553.719281,3735920553.719281,1205653367.2795758,5187014709.546501,15008213763.662481,57946797842.96984,9212639933.371475,-9212639933.371475,1.1019406826472884,day1_open,SHORTFALL,section-18-v1,synthetic,False,False
moderate_settlement_disruption,1,SYN-MBR-0021,21540964966.805756,16709985240.008902,16709985240.008902,5355133028.954052,22577775866.160187,66200569087.16891,212669936783.25888,2717326314.5494385,-2717326314.5494385,1.4313658013217014,day1_midday,SHORTFALL,section-18-v1,synthetic,False,False
moderate_settlement_disruption,1,SYN-MBR-0022,2480955906.412664,1933992202.1655378,1933992202.1655378,618092735.2009484,2391845971.6335196,7426820807.614836,21954418022.426228,3049072967.4691772,-3049072967.4691772,1.2223951681911323,day1_open,SHORTFALL,section-18-v1,synthetic,False,False
moderate_settlement_disruption,1,SYN-MBR-0023,3386138732.864598,2559689199.0379987,2559689199.0379987,832415910.4663635,4330320915.9293165,11111124447.497314,47884462107.41542,0.0,12167476301.931423,1.8834575434747316,,COVERED,section-18-v1,synthetic,False,False
moderate_settlement_disruption,1,SYN-MBR-0024,1445348051.0088592,1101265304.970285,1101265304.970285,356525869.8370802,1851489312.0695245,4755729803.19072,18368798387.886204,0.0,845213085.8981609,1.4983935235191168,,COVERED,section-18-v1,synthetic,False,False
moderate_settlement_disruption,1,SYN-MBR-0025,3661062104.0449305,2840253783.1109886,2840253783.1109886,910184224.2018287,4099273267.2522078,11513613632.393066,38532431550.26722,0.0,1185896305.1798477,1.4743824648209933,,COVERED,section-18-v1,synthetic,False,False
moderate_settlement_disruption,1,SYN-MBR-0026,4220752481.593028,3231279018.869061,3231279018.869061,1043284410.0646925,5075709527.3453,13574256716.890951,49908141281.33241,4727927199.719498,-4727927199.719498,1.241849442698953,day1_midday,SHORTFALL,section-18-v1,synthetic,False,False
moderate_settlement_disruption,1,SYN-MBR-0027,2627448152.590575,2011411823.1470296,2011411823.1470296,649440396.6032648,3186687635.193212,8476999419.357229,31287469330.58265,0.0,6370051399.186913,1.8191562706053104,,COVERED,section-18-v1,synthetic,False,False
moderate_settlement_disruption,1,SYN-MBR-0028,7334182273.731628,5684573543.0112505,5684573543.0112505,1822625814.3440027,7397152143.637959,22244218348.26785,74604467820.63457,4012370648.3211136,-4012370648.3211136,1.3350301281498065,day1_midday,SHORTFALL,section-18-v1,synthetic,False,False
moderate_settlement_disruption,1,SYN-MBR-0029,1788136676.2124062,1386414581.510974,1386414581.510974,444437176.0812732,1865511117.0561252,5485885965.44229,18262569289.656567,0.0,2041720824.6430397,1.6546055516384826,,COVERED,section-18-v1,synthetic,False,False
moderate_settlement_disruption,1,SYN-MBR-0030,13461672769.775944,10241273231.550186,10241273231.550186,3318412440.1856585,17577778521.758373,44609378236.50172,172773191337.21875,0.0,30200690914.333496,1.752661835859296,,COVERED,section-18-v1,synthetic,False,False
moderate_settlement_disruption,1,SYN-MBR-0031,4093074225.5537753,3091039938.6566324,3091039938.6566324,1005775982.9894571,5389334262.4471035,13582315449.585623,56328733486.3348,9020570364.105694,-9020570364.105694,1.0923286970194395,day1_open,SHORTFALL,section-18-v1,synthetic,False,False
moderate_settlement_disruption,1,SYN-MBR-0032,3249438733.166747,2576229692.528234,2576229692.528234,815593579.5972972,2572984265.1150784,9216822500.099886,24295521352.682686,0.0,720929663.1839676,1.509580330402055,,COVERED,section-18-v1,synthetic,False,False
moderate_settlement_disruption,1,SYN-MBR-0033,2069821526.7910233,1570660983.3752341,1570660983.3752341,509667551.423276,2672474889.4984245,6824195612.071334,26860776187.560253,0.0,9335513267.07051,2.200916334362437,,COVERED,section-18-v1,synthetic,False,False
moderate_settlement_disruption,1,SYN-MBR-0034,3742166429.850835,2889531501.75233,2889531501.75233,928437710.4244431,4034645165.6853666,11597670339.214725,39550449884.88242,0.0,3378204394.1781197,1.6089379280735183,,COVERED,section-18-v1,synthetic,False,False
moderate_settlement_disruption,1,SYN-MBR-0035,1716575724.7339053,1328988662.5199442,1328988662.5199442,426379014.2155389,1855166641.0107265,5328439031.142634,17669007775.99262,0.0,6271425118.703934,2.2601136723042123,,COVERED,section-18-v1,synthetic,False,False
moderate_settlement_disruption,1,SYN-MBR-0036,8040364220.659746,6221853394.854998,6221853394.854998,1996710466.1720643,8515746938.668923,24780896873.750587,84793130513.03928,12979321582.728203,-12979321582.728203,1.13024148550433,day1_open,SHORTFALL,section-18-v1,synthetic,False,False
moderate_settlement_disruption,1,SYN-MBR-0037,13252931476.385897,10082201328.4145,10082201328.4145,3266918592.6720557,18118961194.00636,44731094792.80723,164456571799.693,0.0,6215633268.561096,1.5103670497212653,,COVERED,section-18-v1,synthetic,False,False
moderate_settlement_disruption,1,SYN-MBR-0038,1573490672.2693586,1210863021.7687402,1210863021.7687402,389809517.1653338,1875863348.6133595,5051237422.838561,16801576880.32547,0.0,235563992.54626846,1.49034016985506,,COVERED,section-18-v1,synthetic,False,False
moderate_settlement_disruption,1,SYN-MBR-0039,10952856189.753998,8474742687.145736,8474742687.145736,2719863842.7659626,11480687386.600039,33636624848.95288,111159738805.3541,11432941353.246597,-11432941353.246597,1.2547412849859418,day1_open,SHORTFALL,section-18-v1,synthetic,False,False
moderate_settlement_disruption,1,SYN-MBR-0040,1657185424.475924,1266783479.1531172,1266783479.1531172,409355646.5080657,1923955327.8577614,5258546661.474021,20068354500.79794,2813632469.987051,-2813632469.987051,1.144205939606003,day1_open,SHORTFALL,section-18-v1,synthetic,False,False
moderate_settlement_disruption,1,SYN-MBR-0041,1374097512.3011022,1073136338.8149866,1073136338.8149866,342612739.15625244,1287759512.4558246,4078679239.066981,11872599470.833607,0.0,1069453327.9954872,1.6705794103125018,,COVERED,section-18-v1,synthetic,False,False
moderate_settlement_disruption,1,SYN-MBR-0042,1357611598.0695095,1044322458.5611085,1044322458.5611085,336270767.92828655,1718474330.4960735,4457723477.513539,15372268890.761005,2051828140.085184,-2051828140.085184,1.1671471827919444,day1_open,SHORTFALL,section-18-v1,synthetic,False,False
moderate_settlement_disruption,1,SYN-MBR-0043,1692809125.542862,1271268907.7329333,1271268907.7329333,414970924.65861136,2265219048.7202625,5645539275.562402,25177743419.64142,0.0,977803307.6626091,1.4593757061342627,,COVERED,section-18-v1,synthetic,False,False
moderate_settlement_disruption,1,SYN-MBR-0044,15839031631.40074,12264403170.516981,12264403170.516981,3934480872.268481,16154661072.784147,48204841150.14087,157014484486.475,0.0,37671636737.57941,1.9627591940688842,,COVERED,section-18-v1,synthetic,False,False
moderate_settlement_disruption,1,SYN-MBR-0045,2623713640.7892766,2005383071.7528837,2005383071.7528837,648073539.7559024,3251384752.469395,8530560387.8392105,30232972991.996193,7697758323.084398,-7697758323.084398,0.9591256534094538,day1_open,SHORTFALL,section-18-v1,synthetic,False,False
moderate_settlement_disruption,1,SYN-MBR-0046,4934513909.606783,3780596167.4286227,3780596167.4286227,1220115410.784957,5206053560.08899,15145059644.07678,59531985167.093544,0.0,8602343095.822456,1.6842130292724569,,COVERED,section-18-v1,synthetic,False,False
moderate_settlement_disruption,1,SYN-MBR-0047,6250427596.530167,4832739050.997524,4832739050.997524,1551643330.6538768,6684431280.829407,19324073998.06197,65587991277.26892,0.0,1808211928.3804703,1.4916380068594213,,COVERED,section-18-v1,synthetic,False,False
moderate_settlement_disruption,1,SYN-MBR-0048,2516226033.4536543,1947956910.6583998,1947956910.6583998,624985612.1756877,2419686451.264019,7510802964.46242,25770310703.459816,931849736.9428253,-931849736.9428253,1.370848575636128,day1_midday,SHORTFALL,section-18-v1,synthetic,False,False
severe_multi_day_fails,2,SYN-MBR-0001,2955103912.5529227,2263502815.2279453,2489853096.75074,2037344066.5256517,6240410405.998125,13727238487.457895,26695092644.05681,5184902558.857216,-5184902558.857216,1.0169230121445625,day1_open,SHORTFALL,section-18-v1,synthetic,False,False
severe_multi_day_fails,2,SYN-MBR-0002,7546214036.566629,5739975632.102326,6313973195.312559,5186928446.648362,17618839871.8166,36677435501.60835,74049992129.25464,29716979312.909843,-29716979312.909843,0.681813594344854,day1_open,SHORTFALL,section-18-v1,synthetic,False,False
severe_multi_day_fails,2,SYN-MBR-0003,3864573647.630929,2946852617.2571263,3241537878.982839,2659180813.812298,8646569973.599056,18417756019.259636,36475402218.538734,10299298550.479233,-10299298550.479233,0.8568048616164519,day1_open,SHORTFALL,section-18-v1,synthetic,False,False
severe_multi_day_fails,2,SYN-MBR-0004,5115659457.21084,3907740518.327652,4298514570.160418,3522735350.4502287,11041472121.674107,23986196980.532246,48277635288.89407,13177778724.084656,-13177778724.084656,0.8587270752608405,day1_open,SHORTFALL,section-18-v1,synthetic,False,False
severe_multi_day_fails,2,SYN-MBR-0005,5104333981.335066,3913249436.5918107,4304574380.250992,3520464566.358653,10142961546.629223,23080160973.44712,44261210246.18951,3161336955.570427,-3161336955.570427,1.270850819789457,day1_midday,SHORTFALL,section-18-v1,synthetic,False,False
severe_multi_day_fails,2,SYN-MBR-0006,7375515011.251201,5635044793.464376,6198549272.810814,5079322547.7609625,15308819583.47436,33973476504.884262,68085523530.40899,20591198996.13515,-20591198996.13515,0.810880309184641,day1_open,SHORTFALL,section-18-v1,synthetic,False,False
severe_multi_day_fails,2,SYN-MBR-0007,8784510399.673634,6766236505.403741,7442860155.944116,6071011591.7422085,16457840741.286354,38769755361.65711,70292812575.08485,22810635672.154873,-22810635672.154873,0.7840587378648259,day1_open,SHORTFALL,section-18-v1,synthetic,False,False
severe_multi_day_fails,2,SYN-MBR-0008,2357411830.0698614,1822704479.376373,2004974927.3140106,1631917407.2078104,4051791201.700653,10049740775.251091,17683923637.644394,976017216.7376575,-976017216.7376575,1.3093160987168397,day1_midday,SHORTFALL,section-18-v1,synthetic,False,False
severe_multi_day_fails,2,SYN-MBR-0009,5904353675.609901,4523905940.10346,4976296534.113807,4071192553.9744983,11734726230.94509,26695616806.5235,51020261217.070755,12830244917.324333,-12830244917.324333,0.9268670526067931,day1_open,SHORTFALL,section-18-v1,synthetic,False,False
severe_multi_day_fails,2,SYN-MBR-0010,4525064679.897879,3473636645.6890907,3821000310.258,3122692997.509154,8897563612.948158,20373268873.904568,36995167650.99058,9206599055.557838,-9206599055.557838,0.9519202202631273,day1_open,SHORTFALL,section-18-v1,synthetic,False,False
severe_multi_day_fails,2,SYN-MBR-0011,9649393090.35252,7395590556.338249,8135149611.972074,6654361615.668077,21468310613.797066,45922006112.90241,87218071494.39249,23785624405.57213,-23785624405.57213,0.8626979099548128,day1_open,SHORTFALL,section-18-v1,synthetic,False,False
severe_multi_day_fails,2,SYN-MBR-0012,31040765959.79879,24063055376.008556,26469360913.609417,21512531849.499195,49839118176.646194,128909903010.30562,214971769671.30847,49648234985.90048,-49648234985.90048,0.987886237108862,day1_open,SHORTFALL,section-18-v1,synthetic,False,False
severe_multi_day_fails,2,SYN-MBR-0013,9802282450.178808,7560207761.170921,8316228537.288015,6778316178.510936,17077733762.676468,41989681344.176575,76059136755.04028,4812156583.997299,-4812156583.997299,1.2961400547965978,day1_midday,SHORTFALL,section-18-v1,synthetic,False,False
severe_multi_day_fails,2,SYN-MBR-0014,3458605635.682224,2666054216.6556873,2932659638.321256,2391067206.3527207,6531930603.87345,15319595192.66296,27631942770.47823,5865837349.408192,-5865837349.408192,0.9975199331750924,day1_open,SHORTFALL,section-18-v1,synthetic,False,False
severe_multi_day_fails,2,SYN-MBR-0015,3126669194.45455,2412007682.3361526,2653208450.5697675,2162299452.6990905,5609915938.531359,13556917051.61944,24085431734.42884,5171902731.631477,-5171902731.631477,1.0057535290147286,day1_open,SHORTFALL,section-18-v1,synthetic,False,False
severe_multi_day_fails,2,SYN-MBR-0016,4253682550.241193,3257886345.463195,3583674980.009515,2932516496.8829937,8931785038.118113,19708174837.94274,39555478585.104744,10181819796.686169,-10181819796.686169,0.8755985839137558,day1_open,SHORTFALL,section-18-v1,synthetic,False,False
severe_multi_day_fails,2,SYN-MBR-0017,3272773222.6397448,2527948682.0339375,2780743550.2373314,2264601831.584606,5756152539.866014,14079327041.691765,25567428196.2407,9290131179.299606,-9290131179.299606,0.725453857709822,day1_open,SHORTFALL,section-18-v1,synthetic,False,False
severe_multi_day_fails,2,SYN-MBR-0018,8498965014.160984,6535881372.69599,7189469509.96559,5869604029.428966,16390932767.099583,37962043083.40051,67699024205.70872,3322465868.031967,-3322465868.031967,1.341585052852305,day1_midday,SHORTFALL,section-18-v1,synthetic,False,False
severe_multi_day_fails,2,SYN-MBR-0019,3656219418.939259,2810044635.3312416,3091049098.864366,2524429486.7872043,7095989768.961635,16373307862.823128,29841940029.219955,10772725274.029907,-10772725274.029907,0.7401521934311052,day1_open,SHORTFALL,section-18-v1,synthetic,False,False
severe_multi_day_fails,2,SYN-MBR-0020,9239371573.88976,7077269620.631596,7784996582.694756,6370016722.341139,17482784553.157913,40891323971.32483,81597828326.73035,25937821697.500275,-25937821697.500275,0.7825445270016937,day1_open,SHORTFALL,section-18-v1,synthetic,False,False
severe_multi_day_fails,2,SYN-MBR-0021,40120392534.59564,30905127884.640453,33995640673.104504,27728363171.669773,75704335202.68622,177610541837.8254,314732194889.7271,74704162440.37927,-74704162440.37927,0.9671983973150909,day1_open,SHORTFALL,section-18-v1,synthetic,False,False
severe_multi_day_fails,2,SYN-MBR-0022,4588728091.49416,3542850262.144113,3897135288.3585243,3174568189.2603827,8160220999.515931,19827738269.153286,33317103788.87075,11112747630.531239,-11112747630.531239,0.8055014229666253,day1_open,SHORTFALL,section-18-v1,synthetic,False,False
severe_multi_day_fails,2,SYN-MBR-0023,6534681021.161494,4976135461.713995,5473749007.885396,4493822754.914592,13772280332.557623,30284485387.44253,65385707272.352394,0.0,105062051.02590942,1.3793282222333112,,COVERED,section-18-v1,synthetic,False,False
severe_multi_day_fails,2,SYN-MBR-0024,2759764192.6408978,2108747606.0771043,2319622366.684815,1900667006.2195084,6047756884.715841,13032027945.473215,25942249672.22777,4410812388.541613,-4410812388.541613,1.060959974057389,day1_open,SHORTFALL,section-18-v1,synthetic,False,False
severe_multi_day_fails,2,SYN-MBR-0025,6817916605.624826,5252127233.050465,5777339956.355513,4712145114.618835,13051179553.163452,30369085484.22873,55803618187.791626,11008746192.042374,-11008746192.042374,1.0180619689111496,day1_open,SHORTFALL,section-18-v1,synthetic,False,False
severe_multi_day_fails,2,SYN-MBR-0026,8007037503.013821,6131055875.250931,6744161462.776026,5519511654.87456,17131871002.325447,37414843734.74035,71740023081.90755,19893147908.63215,-19893147908.63215,0.8639305477446089,day1_open,SHORTFALL,section-18-v1,synthetic,False,False
severe_multi_day_fails,2,SYN-MBR-0027,4984716487.957688,3816770018.514838,4198447020.3663225,3436100332.126875,10454920187.064442,23081817567.552357,44653513471.34323,2952452367.7659416,-2952452367.7659416,1.2746319740467364,day1_midday,SHORTFALL,section-18-v1,synthetic,False,False
severe_multi_day_fails,2,SYN-MBR-0028,13676270185.55407,10530860930.748755,11583947023.823631,9450463987.804625,25235308384.545246,59967051303.589066,109146581389.65874,28423452428.949883,-28423452428.949883,0.9125270894152491,day1_open,SHORTFALL,section-18-v1,synthetic,False,False
severe_multi_day_fails,2,SYN-MBR-0029,3332805465.8185153,2566693029.9354224,2823362332.9289646,2303164212.7423377,6316974306.187885,14781439703.737574,26778549324.304394,3958517463.5534706,-3958517463.5534706,1.1284161874453273,day1_midday,SHORTFALL,section-18-v1,synthetic,False,False
severe_multi_day_fails,2,SYN-MBR-0030,25757198476.72111,19668042867.844315,21634847154.628746,17734014220.918346,57444677653.61776,122610073591.62166,244153868218.67535,19231311666.137146,-19231311666.137146,1.2402546841696815,day1_midday,SHORTFALL,section-18-v1,synthetic,False,False
severe_multi_day_fails,2,SYN-MBR-0031,7909298223.559439,6020377539.514898,6622415293.466389,5438145417.9042225,17422549633.01081,37404449323.0199,78091929548.92564,24259234973.998222,-24259234973.998222,0.7879110224230573,day1_open,SHORTFALL,section-18-v1,synthetic,False,False
severe_multi_day_fails,2,SYN-MBR-0032,5863293344.654367,4564264194.0172,5020690613.4189205,4070918463.0973816,8366550907.194937,23330581856.75364,37232956563.05718,8721282478.937359,-8721282478.937359,0.985042406953606,day1_open,SHORTFALL,section-18-v1,synthetic,False,False
severe_multi_day_fails,2,SYN-MBR-0033,3973949527.083808,3031136944.2744527,3334250638.7018976,2734785758.4182653,9049165243.584085,19098213441.676605,38095731680.96869,0.0,3025438964.496727,1.5518358213969787,,COVERED,section-18-v1,synthetic,False,False
severe_multi_day_fails,2,SYN-MBR-0034,7015341828.370838,5392490560.498239,5931739616.548062,4844017764.614489,13309145786.823782,31111029977.47817,57408062090.51365,9224062527.97015,-9224062527.97015,1.1084543977782773,day1_open,SHORTFALL,section-18-v1,synthetic,False,False
severe_multi_day_fails,2,SYN-MBR-0035,3206029308.734763,2467391983.2198324,2714131181.5418158,2214903672.3790746,6287256195.217288,14427255141.83938,26007218510.561954,0.0,1546880575.6469574,1.5354954638594867,,COVERED,section-18-v1,synthetic,False,False
severe_multi_day_fails,2,SYN-MBR-0036,15027337450.461863,11562557842.902493,12718813627.192743,10380695122.529448,28785061614.57822,66935032930.44808,123402359291.73486,40253096050.28265,-40253096050.28265,0.7766197854050179,day1_open,SHORTFALL,section-18-v1,synthetic,False,False
severe_multi_day_fails,2,SYN-MBR-0037,25358707127.12725,19363533795.871,21299887175.4581,17459562856.33852,58790710447.236374,122947594673.75197,236083962914.09085,43162855282.80356,-43162855282.80356,1.0521247783643946,day1_open,SHORTFALL,section-18-v1,synthetic,False,False
severe_multi_day_fails,2,SYN-MBR-0038,2963773751.1983967,2274654964.0412207,2502120460.445343,2045082570.4295473,6102149155.561507,13617675247.562878,24646389081.465843,5249399457.776592,-5249399457.776592,1.01597296297198,day1_open,SHORTFALL,section-18-v1,synthetic,False,False
severe_multi_day_fails,2,SYN-MBR-0039,20473727717.597496,15752450201.934704,17327695222.128174,14142699859.785374,38807861265.81746,90783488965.73238,163489891782.5129,48312826613.684555,-48312826613.684555,0.853121327481668,day1_open,SHORTFALL,section-18-v1,synthetic,False,False
severe_multi_day_fails,2,SYN-MBR-0040,3150270581.02106,2410580265.223101,2651638291.7454114,2170956170.373721,6492397960.10041,14470084163.77105,28495260875.84748,8695880350.210295,-8695880350.210295,0.8058298015932426,day1_open,SHORTFALL,section-18-v1,synthetic,False,False
severe_multi_day_fails,2,SYN-MBR-0041,2534775253.3840055,1958753078.1287098,2154628385.941581,1754273460.6225643,4476111938.2492,10923706544.353607,18147293001.20195,3382495685.8771973,-3382495685.8771973,1.0929520023481218,day1_open,SHORTFALL,section-18-v1,synthetic,False,False
severe_multi_day_fails,2,SYN-MBR-0042,2558555832.205024,1963304947.5270755,2159635442.2797832,1765334448.407412,5421692160.097761,11909144492.885035,22197318161.98171,6814933184.9607315,-6814933184.9607315,0.8082823428508344,day1_open,SHORTFALL,section-18-v1,synthetic,False,False
severe_multi_day_fails,2,SYN-MBR-0043,3295326778.6509047,2502432273.91005,2752675501.3010554,2263445134.119797,7499258283.506463,15815710562.126041,34467778551.33124,5440185337.325825,-5440185337.325825,1.0660329335464915,day1_open,SHORTFALL,section-18-v1,synthetic,False,False
severe_multi_day_fails,2,SYN-MBR-0044,29576671561.5456,22763938987.812187,25040332886.593407,20433774358.469288,55252622691.93843,130348929376.52235,232233966585.15485,13069517880.676819,-13069517880.676819,1.3270307852008887,day1_midday,SHORTFALL,section-18-v1,synthetic,False,False
severe_multi_day_fails,2,SYN-MBR-0045,4988408939.591942,3816923987.9249,4198616386.7173905,3437601974.902576,11001032200.192944,23633293349.380703,44067100047.12709,18798408004.980797,-18798408004.980797,0.6580242390456361,day1_open,SHORTFALL,section-18-v1,synthetic,False,False
severe_multi_day_fails,2,SYN-MBR-0046,9351285623.97321,7162789692.224618,7879068661.447081,6447095003.443633,17491637769.603096,41183412637.85147,83318785813.45605,8206828587.066345,-8206828587.066345,1.203384616061949,day1_midday,SHORTFALL,section-18-v1,synthetic,False,False
severe_multi_day_fails,2,SYN-MBR-0047,11695611410.994165,8995576540.528824,9895134194.581705,8077839776.274577,22125074888.880665,51811651423.81217,95326773942.3475,19180266515.935028,-19180266515.935028,1.0262965642989983,day1_open,SHORTFALL,section-18-v1,synthetic,False,False
severe_multi_day_fails,2,SYN-MBR-0048,4699963654.302885,3617028730.911449,3978731604.002594,3246953827.187677,8339609628.329149,20272492771.284126,37445631406.239685,9219638746.525948,-9219638746.525948,0.9434263062166357,day1_open,SHORTFALL,section-18-v1,synthetic,False,False
combined_settlement_funding_crisis,3,SYN-MBR-0001,5155632598.045845,4023881190.4318724,5029851488.039841,7742058842.187597,10514233833.131075,28455860345.570873,43130840873.972534,17748532364.269836,-17748532364.269836,0.6294070199186464,day1_open,SHORTFALL,section-18-v1,synthetic,False,False
combined_settlement_funding_crisis,3,SYN-MBR-0002,13336173746.398258,10466185930.347095,13082732412.933868,20075057725.997032,29421873972.824905,75952469508.9103,117639913555.27446,70433361194.5848,-70433361194.5848,0.4291765419491978,day1_open,SHORTFALL,section-18-v1,synthetic,False,False
combined_settlement_funding_crisis,3,SYN-MBR-0003,6798744614.811857,5325318306.183296,6656647882.729119,10225509836.757425,14448686288.573147,38148227236.94319,58427740491.433685,29206838167.941044,-29206838167.941044,0.5348880803433007,day1_open,SHORTFALL,section-18-v1,synthetic,False,False
combined_settlement_funding_crisis,3,SYN-MBR-0004,8970400083.16168,7016529823.997856,8770662279.997318,13483475802.66378,18580190741.005615,49829286761.21238,77068967785.79468,38306380549.542336,-38306380549.542336,0.5379248450215126,day1_open,SHORTFALL,section-18-v1,synthetic,False,False
combined_settlement_funding_crisis,3,SYN-MBR-0005,8890359801.160131,6933735082.864225,8667168853.580282,13346139734.574427,16967307045.51598,47895243507.62085,72052892593.28668,20254910799.810707,-20254910799.810707,0.7806681078544837,day1_open,SHORTFALL,section-18-v1,synthetic,False,False
combined_settlement_funding_crisis,3,SYN-MBR-0006,12928634684.0324,10111112287.30021,12638890359.125267,19431865442.053154,25603238067.78061,70638017445.99698,109029428304.61966,57408816607.42032,-57408816607.42032,0.5063698051968685,day1_open,SHORTFALL,section-18-v1,synthetic,False,False
combined_settlement_funding_crisis,3,SYN-MBR-0007,15166046850.402267,11782928597.7004,14728660747.125496,22728932976.577568,27630059038.98125,80294939863.17854,116969317921.5094,65438014116.977936,-65438014116.977936,0.47118077533437497,day1_open,SHORTFALL,section-18-v1,synthetic,False,False
combined_settlement_funding_crisis,3,SYN-MBR-0008,4040565112.999724,3129212873.3115373,3911516091.639422,6047035206.278435,6830363854.38334,20840432510.35751,29868004429.66209,8464611820.343285,-8464611820.343285,0.7752056539891511,day1_open,SHORTFALL,section-18-v1,synthetic,False,False
combined_settlement_funding_crisis,3,SYN-MBR-0009,10295168132.609804,8033215162.558073,10041518953.197592,15458272107.12102,19560921630.610176,55383997076.607544,83155161606.31796,38939947412.76009,-38939947412.76009,0.5686838702975009,day1_open,SHORTFALL,section-18-v1,synthetic,False,False
combined_settlement_funding_crisis,3,SYN-MBR-0010,7862367655.310757,6125549332.466212,7656936665.582765,11797495912.576422,14769598689.705997,42107838345.83958,61377427411.02132,28450048401.05419,-28450048401.05419,0.573768722875449,day1_open,SHORTFALL,section-18-v1,synthetic,False,False
combined_settlement_funding_crisis,3,SYN-MBR-0011,16815705587.325037,13117910309.155914,16397387886.444891,25246197235.510597,36367087812.26614,94872291207.62872,141695523237.9245,71343460368.6753,-71343460368.6753,0.5310178209523224,day1_open,SHORTFALL,section-18-v1,synthetic,False,False
combined_settlement_funding_crisis,3,SYN-MBR-0012,52935844450.95757,40904316762.95331,51130395953.69163,79145373776.81198,83555689389.08087,266910468679.21237,371463004653.4627,172899249448.88022,-172899249448.88022,0.5717060648430909,day1_open,SHORTFALL,section-18-v1,synthetic,False,False
combined_settlement_funding_crisis,3,SYN-MBR-0013,16880529265.917618,13100425385.332153,16375531731.665192,25286123034.782898,28609235722.16461,87197271243.37898,127061635148.8845,36129447362.412735,-36129447362.412735,0.775869864778183,day1_open,SHORTFALL,section-18-v1,synthetic,False,False
combined_settlement_funding_crisis,3,SYN-MBR-0014,5962297757.624447,4629270649.296604,5786588311.620754,8932994462.121338,11016725973.383186,31714808952.022263,46051010424.5555,20279218609.533928,-20279218609.533928,0.5985409104337035,day1_open,SHORTFALL,section-18-v1,synthetic,False,False
combined_settlement_funding_crisis,3,SYN-MBR-0015,5382313322.3441,4176309481.1760225,5220386851.470029,8061801735.950254,9404052993.245213,28083171986.193714,40454314792.66288,17804867345.62617,-17804867345.62617,0.598799116704817,day1_open,SHORTFALL,section-18-v1,synthetic,False,False
combined_settlement_funding_crisis,3,SYN-MBR-0016,7422395782.987385,5793452610.255789,7241815762.819735,11146328473.121332,15157293304.30554,40988110407.369896,63289032398.879295,30905568231.01535,-30905568231.01535,0.5472468091606012,day1_open,SHORTFALL,section-18-v1,synthetic,False,False
combined_settlement_funding_crisis,3,SYN-MBR-0017,5620084214.55449,4356109873.537521,5445137341.921902,8413983946.300149,9751553506.628618,29246005393.962543,42661639094.88918,25319268990.2918,-25319268990.2918,0.4347697324855884,day1_open,SHORTFALL,section-18-v1,synthetic,False,False
combined_settlement_funding_crisis,3,SYN-MBR-0018,14717329236.846968,11449388550.498976,14311735688.12372,22069172015.497852,27265017063.065094,78403326863.46039,113120931030.17496,30195920535.08313,-30195920535.08313,0.8028929583583249,day1_open,SHORTFALL,section-18-v1,synthetic,False,False
combined_settlement_funding_crisis,3,SYN-MBR-0019,6338407394.538519,4933385076.872898,6166731346.091122,9506699655.501713,11840092629.869967,33869197873.770374,49477167519.43231,28825282679.541992,-28825282679.541992,0.4464196007217205,day1_open,SHORTFALL,section-18-v1,synthetic,False,False
combined_settlement_funding_crisis,3,SYN-MBR-0020,16118461981.76452,12579827171.44872,15724783964.310902,24204315001.212803,29225749464.979973,85317339807.36826,131442287440.211,71738859176.10431,-71738859176.10431,0.48579445181484515,day1_open,SHORTFALL,section-18-v1,synthetic,False,False
combined_settlement_funding_crisis,3,SYN-MBR-0021,69255169163.25629,53802605220.93606,67253256526.170074,103787689873.82903,126549546506.50613,367033971188.0348,527691618822.23267,243069695182.68005,-243069695182.68005,0.5768681245311824,day1_open,SHORTFALL,section-18-v1,synthetic,False,False
combined_settlement_funding_crisis,3,SYN-MBR-0022,7886526843.35832,6115101712.286263,7643877140.357829,11809060333.927689,13529724148.6283,40890591322.26514,57094154943.998184,32001583776.15509,-32001583776.15509,0.4700476701579287,day1_open,SHORTFALL,section-18-v1,synthetic,False,False
combined_settlement_funding_crisis,3,SYN-MBR-0023,11524829393.522987,9036761662.66599,11295952078.332485,17341773378.654335,23137078270.91547,63331261787.24461,102211786438.99155,19970622918.091766,-19970622918.091766,0.8823674305435742,day1_open,SHORTFALL,section-18-v1,synthetic,False,False
combined_settlement_funding_crisis,3,SYN-MBR-0024,4836643637.376796,3782269834.3382435,4727837292.922805,7269245059.307989,10181378700.039558,27028342634.06733,41525729995.27229,15791081211.085613,-15791081211.085613,0.6628104681692689,day1_open,SHORTFALL,section-18-v1,synthetic,False,False
combined_settlement_funding_crisis,3,SYN-MBR-0025,11768042287.659653,9141978671.13442,11427473338.918024,17635641318.776867,22064004313.338768,62927158184.04229,92342695443.25256,39223904229.92427,-39223904229.92427,0.6152250714788983,day1_open,SHORTFALL,section-18-v1,synthetic,False,False
combined_settlement_funding_crisis,3,SYN-MBR-0026,13978200045.25264,10912672107.627174,13640840134.533966,20993115897.146187,28789708336.914562,77440058766.22404,116386920623.62076,58437119020.62111,-58437119020.62111,0.5325202961318382,day1_open,SHORTFALL,section-18-v1,synthetic,False,False
combined_settlement_funding_crisis,3,SYN-MBR-0027,8702309861.100376,6793924851.842957,8492406064.803696,13069620433.551632,17547949384.961155,47836064481.3983,72293174642.46686,19880810577.461487,-19880810577.461487,0.787305251229988,day1_open,SHORTFALL,section-18-v1,synthetic,False,False
combined_settlement_funding_crisis,3,SYN-MBR-0028,23625191972.088142,18359761506.71376,22949701883.3922,35410370070.73311,42270279325.61708,124319802417.10402,181537159576.73022,88411896136.88379,-88411896136.88379,0.5486436631891463,day1_open,SHORTFALL,section-18-v1,synthetic,False,False
combined_settlement_funding_crisis,3,SYN-MBR-0029,5755581951.86703,4472235436.89932,5590294296.124149,8626204598.153349,10616216650.580051,30603950320.753727,44552421376.88297,16299200497.734894,-16299200497.734894,0.6782425646011502,day1_open,SHORTFALL,section-18-v1,synthetic,False,False
combined_settlement_funding_crisis,3,SYN-MBR-0030,45196810195.26723,35362788761.34506,44203485951.681335,67944465229.52035,96650036757.52585,254118567894.6595,390444273576.3865,110697141709.46796,-110697141709.46796,0.7755600458489422,day1_open,SHORTFALL,section-18-v1,synthetic,False,False
combined_settlement_funding_crisis,3,SYN-MBR-0031,13959886574.858877,10949697805.101429,13687122256.376785,21008897905.48168,29166621830.318394,77860852509.35359,123102172970.70761,65572097900.32667,-65572097900.32667,0.4998245812324078,day1_open,SHORTFALL,section-18-v1,synthetic,False,False
combined_settlement_funding_crisis,3,SYN-MBR-0032,9918343898.698734,7636211801.690134,9545264752.112669,14805621115.953316,14080416900.450426,48376373408.521065,65804195489.18717,31512097013.121002,-31512097013.121002,0.5573511062360674,day1_open,SHORTFALL,section-18-v1,synthetic,False,False
combined_settlement_funding_crisis,3,SYN-MBR-0033,6987415622.252617,5471847150.115389,6839808937.644237,10508219469.64437,15208460160.855497,39563055655.42213,60835676341.45511,9352814236.847145,-9352814236.847145,0.9717705895639085,day1_open,SHORTFALL,section-18-v1,synthetic,False,False
combined_settlement_funding_crisis,3,SYN-MBR-0034,12158624259.736675,9462378979.487556,11827973724.359444,18235288182.181805,22219547848.628693,64474552341.33482,94886036539.72112,35388041875.55315,-35388041875.55315,0.6706383911980531,day1_open,SHORTFALL,section-18-v1,synthetic,False,False
combined_settlement_funding_crisis,3,SYN-MBR-0035,5543730614.989526,4310034623.379609,5387543279.224512,8310726695.385008,10562212968.982311,29819298679.763187,43269433260.475105,7816704207.938763,-7816704207.938763,0.9229140074512702,day1_open,SHORTFALL,section-18-v1,synthetic,False,False
combined_settlement_funding_crisis,3,SYN-MBR-0036,25995816419.973724,20214537498.52248,25268171873.153103,38974098999.054,48416493513.54449,138725331686.97015,203978855796.10886,114371528400.94412,-114371528400.94412,0.4698365103460309,day1_open,SHORTFALL,section-18-v1,synthetic,False,False
combined_settlement_funding_crisis,3,SYN-MBR-0037,44498517003.184494,34816750105.24899,43520937631.56125,66894988033.90888,98572045740.92699,253608347034.94998,381238808143.237,148994357152.02567,-148994357152.02567,0.6515333220301436,day1_open,SHORTFALL,section-18-v1,synthetic,False,False
combined_settlement_funding_crisis,3,SYN-MBR-0038,5151585158.816793,4014257676.7961826,5017822095.995228,7730528675.781567,10165602009.139328,28079587841.601704,40831581971.10474,17419121250.655334,-17419121250.655334,0.6132523829073584,day1_open,SHORTFALL,section-18-v1,synthetic,False,False
combined_settlement_funding_crisis,3,SYN-MBR-0039,35420725229.765,27544500128.79764,34430625160.997055,53105261451.80896,64744952005.246445,187797969598.26825,272515440894.51575,142104713765.16064,-142104713765.16064,0.5118121492474248,day1_open,SHORTFALL,section-18-v1,synthetic,False,False
combined_settlement_funding_crisis,3,SYN-MBR-0040,5506386777.90712,4301096645.295569,5376370806.619462,8271692325.526373,10887205511.79526,30056709260.106743,45909821472.262115,24440042531.495823,-24440042531.495823,0.5001616142594953,day1_open,SHORTFALL,section-18-v1,synthetic,False,False
combined_settlement_funding_crisis,3,SYN-MBR-0041,4349175684.873011,3369799145.8086557,4212248932.2608194,6510231229.840869,7435526245.935528,22518976389.92056,31242196046.084187,12697293637.708466,-12697293637.708466,0.6348503861125884,day1_open,SHORTFALL,section-18-v1,synthetic,False,False
combined_settlement_funding_crisis,3,SYN-MBR-0042,4448733134.035048,3467080660.27151,4333850825.339387,6676246432.163676,9127641812.803585,24598606986.652645,36364544464.047295,19589054656.458515,-19589054656.458515,0.49338443787493225,day1_open,SHORTFALL,section-18-v1,synthetic,False,False
combined_settlement_funding_crisis,3,SYN-MBR-0043,5841296729.136809,4590080592.181784,5737600740.22723,8797888307.339495,12618008027.205585,33010859085.98176,53548951994.125084,19193511072.542522,-19193511072.542522,0.686171917723762,day1_open,SHORTFALL,section-18-v1,synthetic,False,False
combined_settlement_funding_crisis,3,SYN-MBR-0044,51136617109.5262,39754647615.62011,49693309519.52514,76658256195.02971,91933208207.41238,269560532298.14807,388836376746.0115,106852828883.7956,-106852828883.7956,0.7925740528878544,day1_open,SHORTFALL,section-18-v1,synthetic,False,False
combined_settlement_funding_crisis,3,SYN-MBR-0045,8720117749.278885,6811655755.316436,8514569694.145544,13099594070.771423,18370743857.561745,48728866166.90121,72036653092.51392,44924252415.46002,-44924252415.46002,0.4025342479226332,day1_open,SHORTFALL,section-18-v1,synthetic,False,False
combined_settlement_funding_crisis,3,SYN-MBR-0046,16314571927.911419,12733177081.79911,15916471352.248886,24499051610.833725,29289149829.54385,86063810840.32417,133687644068.5143,40553632786.91736,-40553632786.91736,0.7499911138047168,day1_open,SHORTFALL,section-18-v1,synthetic,False,False
combined_settlement_funding_crisis,3,SYN-MBR-0047,20246856757.723328,15749068487.458921,19686335609.323654,30359186526.52324,37024655405.55935,107372156038.83568,157744446948.6833,66270086503.822784,-66270086503.822784,0.620202754995016,day1_open,SHORTFALL,section-18-v1,synthetic,False,False
combined_settlement_funding_crisis,3,SYN-MBR-0048,8127446165.140771,6318931799.685047,7898664749.606308,12184164743.077477,13905309819.708416,42137701738.83187,62087531739.51533,29056605609.87697,-29056605609.87697,0.5689901455537251,day1_open,SHORTFALL,section-18-v1,synthetic,False,False
